do $$
declare
    tenantId uuid;
BEGIN
-- tenantId := '33481f40-8f12-11eb-bd2f-211095c022c6';
select id into tenantId from tenant where title = 'Tenant';
raise notice 'tenantId is %',tenantId;

-- device profile
INSERT INTO device_profile (id, created_time, name, type, transport_type, provision_type, profile_data, description, search_text, is_default, tenant_id, default_rule_chain_id, default_queue_name, provision_device_key) VALUES ('05c31b10-9d27-11eb-a696-e1229606abfe', 1618407649089, 'silo device profile', 'DEFAULT', 'DEFAULT', 'DISABLED', '{"alarms": [{"id": "802f8ff4-8956-2c6b-ada3-4b0fbb754334", "alarmType": "High temperature", "clearRule": {"schedule": null, "condition": {"spec": {"type": "SIMPLE"}, "condition": [{"key": {"key": "temperature", "type": "TIME_SERIES"}, "value": null, "predicate": {"type": "NUMERIC", "value": {"userValue": null, "defaultValue": 40.0, "dynamicValue": null}, "operation": "LESS_OR_EQUAL"}, "valueType": "NUMERIC"}]}, "alarmDetails": "Silo temperature is back to normal!"}, "propagate": false, "createRules": {"WARNING": {"schedule": null, "condition": {"spec": {"type": "SIMPLE"}, "condition": [{"key": {"key": "temperature", "type": "TIME_SERIES"}, "value": null, "predicate": {"type": "NUMERIC", "value": {"userValue": null, "defaultValue": 40.0, "dynamicValue": null}, "operation": "GREATER"}, "valueType": "NUMERIC"}]}, "alarmDetails": "Silo temperature is High!"}}, "propagateRelationTypes": null}], "configuration": {"type": "DEFAULT"}, "provisionConfiguration": {"type": "DISABLED", "provisionDeviceSecret": null}, "transportConfiguration": {"type": "DEFAULT"}}', '', 'silo device profile', false, tenantId, null, null, null);

raise notice '======>add silo device profile success<======';
-- device
INSERT INTO device (id, created_time, additional_info, customer_id, device_profile_id, device_data, type, name, label, search_text, tenant_id) VALUES ('d823adb0-9c6c-11eb-95ed-d78a9872a48b', 1618327686155, '{"gateway":false,"overwriteActivityTime":false,"description":""}', '13814000-1dd2-11b2-8080-808080808080', '05c31b10-9d27-11eb-a696-e1229606abfe', '{"configuration": {"type": "DEFAULT"}, "transportConfiguration": {"type": "DEFAULT"}}', 'silo device profile', 'Silo A', '', 'silo a', tenantId);
INSERT INTO device (id, created_time, additional_info, customer_id, device_profile_id, device_data, type, name, label, search_text, tenant_id) VALUES ('de2f1280-9c6c-11eb-95ed-d78a9872a48b', 1618327696296, '{"gateway":false,"overwriteActivityTime":false,"description":""}', '13814000-1dd2-11b2-8080-808080808080', '05c31b10-9d27-11eb-a696-e1229606abfe', '{"configuration": {"type": "DEFAULT"}, "transportConfiguration": {"type": "DEFAULT"}}', 'silo device profile', 'Silo B', '', 'silo b', tenantId);
INSERT INTO device (id, created_time, additional_info, customer_id, device_profile_id, device_data, type, name, label, search_text, tenant_id) VALUES ('e42a98d0-9c6c-11eb-95ed-d78a9872a48b', 1618327706333, '{"gateway":false,"overwriteActivityTime":false,"description":""}', '13814000-1dd2-11b2-8080-808080808080', '05c31b10-9d27-11eb-a696-e1229606abfe', '{"configuration": {"type": "DEFAULT"}, "transportConfiguration": {"type": "DEFAULT"}}', 'silo device profile', 'Silo C', '', 'silo c', tenantId);
INSERT INTO device (id, created_time, additional_info, customer_id, device_profile_id, device_data, type, name, label, search_text, tenant_id) VALUES ('42364fd0-9d8c-11eb-b763-8977a151d487', 1618451129677, '{"gateway":false,"overwriteActivityTime":false,"description":""}', '13814000-1dd2-11b2-8080-808080808080', '05c31b10-9d27-11eb-a696-e1229606abfe', '{"configuration": {"type": "DEFAULT"}, "transportConfiguration": {"type": "DEFAULT"}}', 'silo device profile', 'Silo Dispatcher', '', 'silo dispatcher', tenantId);

INSERT INTO device_credentials (id, created_time, credentials_id, credentials_type, credentials_value, device_id) VALUES ('d5745c20-a051-11eb-afd3-639727b7a4e2', 1618755889890, 'qggMZFoBZFPIc7GyLYM1', 'ACCESS_TOKEN', null, 'd823adb0-9c6c-11eb-95ed-d78a9872a48b');
INSERT INTO device_credentials (id, created_time, credentials_id, credentials_type, credentials_value, device_id) VALUES ('e0593570-a051-11eb-afd3-639727b7a4e2', 1618755908167, 'z5d18U2qktppTAWiyGb7', 'ACCESS_TOKEN', null, 'de2f1280-9c6c-11eb-95ed-d78a9872a48b');
INSERT INTO device_credentials (id, created_time, credentials_id, credentials_type, credentials_value, device_id) VALUES ('e4e3c6a0-a051-11eb-afd3-639727b7a4e2', 1618755915786, 'J7n87WJKWXCEqtid7N6B', 'ACCESS_TOKEN', null, 'e42a98d0-9c6c-11eb-95ed-d78a9872a48b');
INSERT INTO device_credentials (id, created_time, credentials_id, credentials_type, credentials_value, device_id) VALUES ('eecbf070-a051-11eb-afd3-639727b7a4e2', 1618755932407, '8ixC9fPfdWpQCqZgUrH5', 'ACCESS_TOKEN', null, '42364fd0-9d8c-11eb-b763-8977a151d487');

INSERT INTO attribute_kv (entity_type, entity_id, attribute_type, attribute_key, bool_v, str_v, long_v, dbl_v, json_v, last_update_ts) VALUES ('DEVICE', 'd823adb0-9c6c-11eb-95ed-d78a9872a48b', 'SERVER_SCOPE', 'latitude', null, null, null, 39.934, null, 1618536159985);
INSERT INTO attribute_kv (entity_type, entity_id, attribute_type, attribute_key, bool_v, str_v, long_v, dbl_v, json_v, last_update_ts) VALUES ('DEVICE', 'd823adb0-9c6c-11eb-95ed-d78a9872a48b', 'SERVER_SCOPE', 'longitude', null, null, null, 116.4524, null, 1618536172197);
INSERT INTO attribute_kv (entity_type, entity_id, attribute_type, attribute_key, bool_v, str_v, long_v, dbl_v, json_v, last_update_ts) VALUES ('DEVICE', 'de2f1280-9c6c-11eb-95ed-d78a9872a48b', 'SERVER_SCOPE', 'longitude', null, null, null, 116.44846, null, 1618408742857);
INSERT INTO attribute_kv (entity_type, entity_id, attribute_type, attribute_key, bool_v, str_v, long_v, dbl_v, json_v, last_update_ts) VALUES ('DEVICE', 'de2f1280-9c6c-11eb-95ed-d78a9872a48b', 'SERVER_SCOPE', 'latitude', null, null, null, 39.9304, null, 1618410010355);
INSERT INTO attribute_kv (entity_type, entity_id, attribute_type, attribute_key, bool_v, str_v, long_v, dbl_v, json_v, last_update_ts) VALUES ('DEVICE', 'e42a98d0-9c6c-11eb-95ed-d78a9872a48b', 'SERVER_SCOPE', 'latitude', null, null, null, 39.93538, null, 1618409905802);
INSERT INTO attribute_kv (entity_type, entity_id, attribute_type, attribute_key, bool_v, str_v, long_v, dbl_v, json_v, last_update_ts) VALUES ('DEVICE', 'e42a98d0-9c6c-11eb-95ed-d78a9872a48b', 'SERVER_SCOPE', 'longitude', null, null, null, 116.44857, null, 1618409923060);

INSERT INTO relation (from_id, from_type, to_id, to_type, relation_type_group, relation_type, additional_info) VALUES ('de2f1280-9c6c-11eb-95ed-d78a9872a48b', 'DEVICE', '42364fd0-9d8c-11eb-b763-8977a151d487', 'DEVICE', 'COMMON', 'Contains', 'null');
INSERT INTO relation (from_id, from_type, to_id, to_type, relation_type_group, relation_type, additional_info) VALUES ('d823adb0-9c6c-11eb-95ed-d78a9872a48b', 'DEVICE', '42364fd0-9d8c-11eb-b763-8977a151d487', 'DEVICE', 'COMMON', 'Contains', 'null');
INSERT INTO relation (from_id, from_type, to_id, to_type, relation_type_group, relation_type, additional_info) VALUES ('e42a98d0-9c6c-11eb-95ed-d78a9872a48b', 'DEVICE', '42364fd0-9d8c-11eb-b763-8977a151d487', 'DEVICE', 'COMMON', 'Contains', 'null');

raise notice '======>add silo devices success<======';

-- rule chain
INSERT INTO rule_chain (id, created_time, additional_info, configuration, name, first_rule_node_id, root, debug_mode, search_text, tenant_id) VALUES ('dfa9a6d0-a30a-11eb-a671-a5d390923091', 1619055266237, '{"description":""}', 'null', 'Silo', null, false, false, 'silo', '33481f40-8f12-11eb-bd2f-211095c022c6');

INSERT INTO rule_node (id, created_time, rule_chain_id, additional_info, configuration, type, name, debug_mode, search_text) VALUES ('dfaf9a40-a30a-11eb-a671-a5d390923091', 1619055266276, 'dfa9a6d0-a30a-11eb-a671-a5d390923091', '{"description":"","layoutX":255,"layoutY":161}', '{"msgCount":0,"periodInSeconds":3,"jsScript":"var msg = { \n    humidity: Math.round(Math.random()*100*100)/100\n    \n};\nvar metadata = { \"deviceName\": \"Silo A\" };\nvar msgType = \"POST_TELEMETRY_REQUEST\";\n\nreturn { msg: msg, metadata: metadata, msgType: msgType };","originatorId":"d823adb0-9c6c-11eb-95ed-d78a9872a48b","originatorType":"DEVICE"}', 'org.thingsboard.rule.engine.debug.TbMsgGeneratorNode', 'Silo A  humidity generate', false, 'silo a  humidity generate');
INSERT INTO rule_node (id, created_time, rule_chain_id, additional_info, configuration, type, name, debug_mode, search_text) VALUES ('dfb2ce90-a30a-11eb-a671-a5d390923091', 1619055266297, 'dfa9a6d0-a30a-11eb-a671-a5d390923091', '{"description":"","layoutX":257,"layoutY":236}', '{"msgCount":0,"periodInSeconds":3,"jsScript":"var msg = { \n    weight: Math.round(Math.random()*200*100)/100\n    \n};\nvar metadata = { \"deviceName\": \"Silo A\" };\nvar msgType = \"POST_TELEMETRY_REQUEST\";\n\nreturn { msg: msg, metadata: metadata, msgType: msgType };","originatorId":"d823adb0-9c6c-11eb-95ed-d78a9872a48b","originatorType":"DEVICE"}', 'org.thingsboard.rule.engine.debug.TbMsgGeneratorNode', 'Silo A  weight generate', false, 'silo a  weight generate');
INSERT INTO rule_node (id, created_time, rule_chain_id, additional_info, configuration, type, name, debug_mode, search_text) VALUES ('dfb42e20-a30a-11eb-a671-a5d390923091', 1619055266306, 'dfa9a6d0-a30a-11eb-a671-a5d390923091', '{"description":"","layoutX":256,"layoutY":421}', '{"msgCount":0,"periodInSeconds":3,"jsScript":"var msg = { \n    humidity: Math.round(Math.random()*100*100)/100\n    \n};\nvar metadata = { \"deviceName\": \"Silo B\" };\nvar msgType = \"POST_TELEMETRY_REQUEST\";\n\nreturn { msg: msg, metadata: metadata, msgType: msgType };","originatorId":"de2f1280-9c6c-11eb-95ed-d78a9872a48b","originatorType":"DEVICE"}', 'org.thingsboard.rule.engine.debug.TbMsgGeneratorNode', 'Silo B humidity generate', false, 'silo b humidity generate');
INSERT INTO rule_node (id, created_time, rule_chain_id, additional_info, configuration, type, name, debug_mode, search_text) VALUES ('dfb566a0-a30a-11eb-a671-a5d390923091', 1619055266314, 'dfa9a6d0-a30a-11eb-a671-a5d390923091', '{"description":"","layoutX":254,"layoutY":492}', '{"msgCount":0,"periodInSeconds":3,"jsScript":"var msg = { \n    weight: Math.round(Math.random()*200*100)/100\n    \n};\nvar metadata = { \"deviceName\": \"Silo B\" };\nvar msgType = \"POST_TELEMETRY_REQUEST\";\n\nreturn { msg: msg, metadata: metadata, msgType: msgType };","originatorId":"de2f1280-9c6c-11eb-95ed-d78a9872a48b","originatorType":"DEVICE"}', 'org.thingsboard.rule.engine.debug.TbMsgGeneratorNode', 'Silo B weight generate', false, 'silo b weight generate');
INSERT INTO rule_node (id, created_time, rule_chain_id, additional_info, configuration, type, name, debug_mode, search_text) VALUES ('dfb69f20-a30a-11eb-a671-a5d390923091', 1619055266322, 'dfa9a6d0-a30a-11eb-a671-a5d390923091', '{"description":"","layoutX":253,"layoutY":649}', '{"msgCount":0,"periodInSeconds":3,"jsScript":"var msg = { \n    humidity: Math.round(Math.random()*100*100)/100\n    \n};\nvar metadata = { \"deviceName\": \"Silo C\" };\nvar msgType = \"POST_TELEMETRY_REQUEST\";\n\nreturn { msg: msg, metadata: metadata, msgType: msgType };","originatorId":"e42a98d0-9c6c-11eb-95ed-d78a9872a48b","originatorType":"DEVICE"}', 'org.thingsboard.rule.engine.debug.TbMsgGeneratorNode', 'Silo C humidity generate', false, 'silo c humidity generate');
INSERT INTO rule_node (id, created_time, rule_chain_id, additional_info, configuration, type, name, debug_mode, search_text) VALUES ('dfb7feb0-a30a-11eb-a671-a5d390923091', 1619055266331, 'dfa9a6d0-a30a-11eb-a671-a5d390923091', '{"description":"","layoutX":252,"layoutY":716}', '{"msgCount":0,"periodInSeconds":3,"jsScript":"var msg = { \n    weight: Math.round(Math.random()*50*100)/100\n    \n};\nvar metadata = { \"deviceName\": \"Silo C\" };\nvar msgType = \"POST_TELEMETRY_REQUEST\";\n\nreturn { msg: msg, metadata: metadata, msgType: msgType };","originatorId":"e42a98d0-9c6c-11eb-95ed-d78a9872a48b","originatorType":"DEVICE"}', 'org.thingsboard.rule.engine.debug.TbMsgGeneratorNode', 'Silo C weight generate', false, 'silo c weight generate');
INSERT INTO rule_node (id, created_time, rule_chain_id, additional_info, configuration, type, name, debug_mode, search_text) VALUES ('dfb95e40-a30a-11eb-a671-a5d390923091', 1619055266340, 'dfa9a6d0-a30a-11eb-a671-a5d390923091', '{"description":"","layoutX":655,"layoutY":511}', '{"originatorSource":"RELATED","relationsQuery":{"fetchLastLevelOnly":false,"direction":"FROM","maxLevel":1,"filters":[{"relationType":"Contains","entityTypes":["DEVICE"]}]}}', 'org.thingsboard.rule.engine.transform.TbChangeOriginatorNode', 'Change Origin', false, 'change origin');
INSERT INTO rule_node (id, created_time, rule_chain_id, additional_info, configuration, type, name, debug_mode, search_text) VALUES ('dfbabdd0-a30a-11eb-a671-a5d390923091', 1619055266349, 'dfa9a6d0-a30a-11eb-a671-a5d390923091', '{"description":"","layoutX":872,"layoutY":428}', '{"jsScript":"var newMsg = {\n  \"silo\": metadata.deviceName,\n  \"tag\":  metadata.isNewAlarm ? \"WARNING\":\"INFO\",\n  \"body\": msg.details.data\n};\nreturn {msg: newMsg, metadata: metadata, msgType: \"POST_TELEMETRY_REQUEST\"};"}', 'org.thingsboard.rule.engine.transform.TbTransformMsgNode', 'Msg transfrom', false, 'msg transfrom');
INSERT INTO rule_node (id, created_time, rule_chain_id, additional_info, configuration, type, name, debug_mode, search_text) VALUES ('dfbc9290-a30a-11eb-a671-a5d390923091', 1619055266361, 'dfa9a6d0-a30a-11eb-a671-a5d390923091', '{"description":"","layoutX":559,"layoutY":374}', '{"persistAlarmRulesState":false,"fetchAlarmRulesStateOnStart":false}', 'org.thingsboard.rule.engine.profile.TbDeviceProfileNode', 'Silo device profile', false, 'silo device profile');
INSERT INTO rule_node (id, created_time, rule_chain_id, additional_info, configuration, type, name, debug_mode, search_text) VALUES ('dfbdf220-a30a-11eb-a671-a5d390923091', 1619055266370, 'dfa9a6d0-a30a-11eb-a671-a5d390923091', '{"description":"","layoutX":899,"layoutY":228}', '{"defaultTTL":3600}', 'org.thingsboard.rule.engine.telemetry.TbMsgTimeseriesNode', 'Save timeseries', false, 'save timeseries');
INSERT INTO rule_node (id, created_time, rule_chain_id, additional_info, configuration, type, name, debug_mode, search_text) VALUES ('dfbf51b0-a30a-11eb-a671-a5d390923091', 1619055266379, 'dfa9a6d0-a30a-11eb-a671-a5d390923091', '{"description":"","layoutX":256,"layoutY":87}', '{"msgCount":0,"periodInSeconds":3,"jsScript":"var msg = { \n    temperature: Math.round(Math.random()*50*100)/100\n    \n};\nvar metadata = { \"deviceName\": \"Silo A\" };\nvar msgType = \"POST_TELEMETRY_REQUEST\";\n\nreturn { msg: msg, metadata: metadata, msgType: msgType };","originatorId":"d823adb0-9c6c-11eb-95ed-d78a9872a48b","originatorType":"DEVICE"}', 'org.thingsboard.rule.engine.debug.TbMsgGeneratorNode', 'Silo A  temperature generate', false, 'silo a  temperature generate');
INSERT INTO rule_node (id, created_time, rule_chain_id, additional_info, configuration, type, name, debug_mode, search_text) VALUES ('dfc0b140-a30a-11eb-a671-a5d390923091', 1619055266388, 'dfa9a6d0-a30a-11eb-a671-a5d390923091', '{"description":"","layoutX":256,"layoutY":348}', '{"msgCount":0,"periodInSeconds":3,"jsScript":"var msg = { \n    temperature: Math.round(Math.random()*50*100)/100\n    \n};\nvar metadata = { \"deviceName\": \"Silo B\" };\nvar msgType = \"POST_TELEMETRY_REQUEST\";\n\nreturn { msg: msg, metadata: metadata, msgType: msgType };","originatorId":"de2f1280-9c6c-11eb-95ed-d78a9872a48b","originatorType":"DEVICE"}', 'org.thingsboard.rule.engine.debug.TbMsgGeneratorNode', 'Silo B temperature generate', false, 'silo b temperature generate');
INSERT INTO rule_node (id, created_time, rule_chain_id, additional_info, configuration, type, name, debug_mode, search_text) VALUES ('dfc210d0-a30a-11eb-a671-a5d390923091', 1619055266397, 'dfa9a6d0-a30a-11eb-a671-a5d390923091', '{"description":"","layoutX":254,"layoutY":588}', '{"msgCount":0,"periodInSeconds":3,"jsScript":"var msg = { \n    temperature: Math.round(Math.random()*50*100)/100\n    \n};\nvar metadata = { \"deviceName\": \"Silo C\" };\nvar msgType = \"POST_TELEMETRY_REQUEST\";\n\nreturn { msg: msg, metadata: metadata, msgType: msgType };","originatorId":"e42a98d0-9c6c-11eb-95ed-d78a9872a48b","originatorType":"DEVICE"}', 'org.thingsboard.rule.engine.debug.TbMsgGeneratorNode', 'Silo C temperature generate', false, 'silo c temperature generate');

INSERT INTO relation (from_id, from_type, to_id, to_type, relation_type_group, relation_type, additional_info) VALUES ('dfa9a6d0-a30a-11eb-a671-a5d390923091', 'RULE_CHAIN', 'dfaf9a40-a30a-11eb-a671-a5d390923091', 'RULE_NODE', 'RULE_CHAIN', 'Contains', null);
INSERT INTO relation (from_id, from_type, to_id, to_type, relation_type_group, relation_type, additional_info) VALUES ('dfa9a6d0-a30a-11eb-a671-a5d390923091', 'RULE_CHAIN', 'dfb2ce90-a30a-11eb-a671-a5d390923091', 'RULE_NODE', 'RULE_CHAIN', 'Contains', null);
INSERT INTO relation (from_id, from_type, to_id, to_type, relation_type_group, relation_type, additional_info) VALUES ('dfa9a6d0-a30a-11eb-a671-a5d390923091', 'RULE_CHAIN', 'dfb42e20-a30a-11eb-a671-a5d390923091', 'RULE_NODE', 'RULE_CHAIN', 'Contains', null);
INSERT INTO relation (from_id, from_type, to_id, to_type, relation_type_group, relation_type, additional_info) VALUES ('dfa9a6d0-a30a-11eb-a671-a5d390923091', 'RULE_CHAIN', 'dfb566a0-a30a-11eb-a671-a5d390923091', 'RULE_NODE', 'RULE_CHAIN', 'Contains', null);
INSERT INTO relation (from_id, from_type, to_id, to_type, relation_type_group, relation_type, additional_info) VALUES ('dfa9a6d0-a30a-11eb-a671-a5d390923091', 'RULE_CHAIN', 'dfb69f20-a30a-11eb-a671-a5d390923091', 'RULE_NODE', 'RULE_CHAIN', 'Contains', null);
INSERT INTO relation (from_id, from_type, to_id, to_type, relation_type_group, relation_type, additional_info) VALUES ('dfa9a6d0-a30a-11eb-a671-a5d390923091', 'RULE_CHAIN', 'dfb7feb0-a30a-11eb-a671-a5d390923091', 'RULE_NODE', 'RULE_CHAIN', 'Contains', null);
INSERT INTO relation (from_id, from_type, to_id, to_type, relation_type_group, relation_type, additional_info) VALUES ('dfa9a6d0-a30a-11eb-a671-a5d390923091', 'RULE_CHAIN', 'dfb95e40-a30a-11eb-a671-a5d390923091', 'RULE_NODE', 'RULE_CHAIN', 'Contains', null);
INSERT INTO relation (from_id, from_type, to_id, to_type, relation_type_group, relation_type, additional_info) VALUES ('dfa9a6d0-a30a-11eb-a671-a5d390923091', 'RULE_CHAIN', 'dfbabdd0-a30a-11eb-a671-a5d390923091', 'RULE_NODE', 'RULE_CHAIN', 'Contains', null);
INSERT INTO relation (from_id, from_type, to_id, to_type, relation_type_group, relation_type, additional_info) VALUES ('dfa9a6d0-a30a-11eb-a671-a5d390923091', 'RULE_CHAIN', 'dfbc9290-a30a-11eb-a671-a5d390923091', 'RULE_NODE', 'RULE_CHAIN', 'Contains', null);
INSERT INTO relation (from_id, from_type, to_id, to_type, relation_type_group, relation_type, additional_info) VALUES ('dfa9a6d0-a30a-11eb-a671-a5d390923091', 'RULE_CHAIN', 'dfbdf220-a30a-11eb-a671-a5d390923091', 'RULE_NODE', 'RULE_CHAIN', 'Contains', null);
INSERT INTO relation (from_id, from_type, to_id, to_type, relation_type_group, relation_type, additional_info) VALUES ('dfa9a6d0-a30a-11eb-a671-a5d390923091', 'RULE_CHAIN', 'dfbf51b0-a30a-11eb-a671-a5d390923091', 'RULE_NODE', 'RULE_CHAIN', 'Contains', null);
INSERT INTO relation (from_id, from_type, to_id, to_type, relation_type_group, relation_type, additional_info) VALUES ('dfa9a6d0-a30a-11eb-a671-a5d390923091', 'RULE_CHAIN', 'dfc0b140-a30a-11eb-a671-a5d390923091', 'RULE_NODE', 'RULE_CHAIN', 'Contains', null);
INSERT INTO relation (from_id, from_type, to_id, to_type, relation_type_group, relation_type, additional_info) VALUES ('dfa9a6d0-a30a-11eb-a671-a5d390923091', 'RULE_CHAIN', 'dfc210d0-a30a-11eb-a671-a5d390923091', 'RULE_NODE', 'RULE_CHAIN', 'Contains', null);
INSERT INTO relation (from_id, from_type, to_id, to_type, relation_type_group, relation_type, additional_info) VALUES ('dfaf9a40-a30a-11eb-a671-a5d390923091', 'RULE_NODE', 'dfbc9290-a30a-11eb-a671-a5d390923091', 'RULE_NODE', 'RULE_NODE', 'Success', null);
INSERT INTO relation (from_id, from_type, to_id, to_type, relation_type_group, relation_type, additional_info) VALUES ('dfb2ce90-a30a-11eb-a671-a5d390923091', 'RULE_NODE', 'dfbc9290-a30a-11eb-a671-a5d390923091', 'RULE_NODE', 'RULE_NODE', 'Success', null);
INSERT INTO relation (from_id, from_type, to_id, to_type, relation_type_group, relation_type, additional_info) VALUES ('dfb42e20-a30a-11eb-a671-a5d390923091', 'RULE_NODE', 'dfbc9290-a30a-11eb-a671-a5d390923091', 'RULE_NODE', 'RULE_NODE', 'Success', null);
INSERT INTO relation (from_id, from_type, to_id, to_type, relation_type_group, relation_type, additional_info) VALUES ('dfb566a0-a30a-11eb-a671-a5d390923091', 'RULE_NODE', 'dfbc9290-a30a-11eb-a671-a5d390923091', 'RULE_NODE', 'RULE_NODE', 'Success', null);
INSERT INTO relation (from_id, from_type, to_id, to_type, relation_type_group, relation_type, additional_info) VALUES ('dfb69f20-a30a-11eb-a671-a5d390923091', 'RULE_NODE', 'dfbc9290-a30a-11eb-a671-a5d390923091', 'RULE_NODE', 'RULE_NODE', 'Success', null);
INSERT INTO relation (from_id, from_type, to_id, to_type, relation_type_group, relation_type, additional_info) VALUES ('dfb7feb0-a30a-11eb-a671-a5d390923091', 'RULE_NODE', 'dfbc9290-a30a-11eb-a671-a5d390923091', 'RULE_NODE', 'RULE_NODE', 'Success', null);
INSERT INTO relation (from_id, from_type, to_id, to_type, relation_type_group, relation_type, additional_info) VALUES ('dfb95e40-a30a-11eb-a671-a5d390923091', 'RULE_NODE', 'dfbabdd0-a30a-11eb-a671-a5d390923091', 'RULE_NODE', 'RULE_NODE', 'Success', null);
INSERT INTO relation (from_id, from_type, to_id, to_type, relation_type_group, relation_type, additional_info) VALUES ('dfbabdd0-a30a-11eb-a671-a5d390923091', 'RULE_NODE', 'dfbdf220-a30a-11eb-a671-a5d390923091', 'RULE_NODE', 'RULE_NODE', 'Success', null);
INSERT INTO relation (from_id, from_type, to_id, to_type, relation_type_group, relation_type, additional_info) VALUES ('dfbc9290-a30a-11eb-a671-a5d390923091', 'RULE_NODE', 'dfb95e40-a30a-11eb-a671-a5d390923091', 'RULE_NODE', 'RULE_NODE', 'Alarm Created', null);
INSERT INTO relation (from_id, from_type, to_id, to_type, relation_type_group, relation_type, additional_info) VALUES ('dfbc9290-a30a-11eb-a671-a5d390923091', 'RULE_NODE', 'dfb95e40-a30a-11eb-a671-a5d390923091', 'RULE_NODE', 'RULE_NODE', 'Alarm Cleared', null);
INSERT INTO relation (from_id, from_type, to_id, to_type, relation_type_group, relation_type, additional_info) VALUES ('dfbc9290-a30a-11eb-a671-a5d390923091', 'RULE_NODE', 'dfbdf220-a30a-11eb-a671-a5d390923091', 'RULE_NODE', 'RULE_NODE', 'Success', null);
INSERT INTO relation (from_id, from_type, to_id, to_type, relation_type_group, relation_type, additional_info) VALUES ('dfbf51b0-a30a-11eb-a671-a5d390923091', 'RULE_NODE', 'dfbc9290-a30a-11eb-a671-a5d390923091', 'RULE_NODE', 'RULE_NODE', 'Success', null);
INSERT INTO relation (from_id, from_type, to_id, to_type, relation_type_group, relation_type, additional_info) VALUES ('dfc0b140-a30a-11eb-a671-a5d390923091', 'RULE_NODE', 'dfbc9290-a30a-11eb-a671-a5d390923091', 'RULE_NODE', 'RULE_NODE', 'Success', null);
INSERT INTO relation (from_id, from_type, to_id, to_type, relation_type_group, relation_type, additional_info) VALUES ('dfc210d0-a30a-11eb-a671-a5d390923091', 'RULE_NODE', 'dfbc9290-a30a-11eb-a671-a5d390923091', 'RULE_NODE', 'RULE_NODE', 'Success', null);

raise notice '======>add silo rule chain success<======';

-- dashboard
INSERT INTO dashboard (id, created_time, configuration, assigned_customers, search_text, tenant_id, title) VALUES ('15932210-a01a-11eb-8a2c-094a0998e3f6', 1618731945649, '{"widgets":{"359e022a-9503-cd4c-1bfc-8827c54260a3":{"isSystemType":true,"bundleAlias":"charts","typeAlias":"basic_timeseries","type":"timeseries","title":"New widget","sizeX":17,"sizeY":11,"config":{"datasources":[{"type":"entity","name":null,"entityAliasId":"d96af07a-edc4-4e3c-4008-0bb1513a0cd7","filterId":null,"dataKeys":[{"name":"temperature","type":"timeseries","label":"Silo A temperature","color":"#9ec748","settings":{"showLines":true,"fillLines":false,"showPoints":false},"_hash":0.1543817519979509}]},{"type":"entity","name":null,"entityAliasId":"705c4302-121c-d70a-3669-aafe9ebf8338","filterId":null,"dataKeys":[{"name":"temperature","type":"timeseries","label":"Silo B temperature","color":"#0f8ffd","settings":{"showLines":true,"fillLines":false,"showPoints":false},"_hash":0.894278359173202}]},{"type":"entity","name":null,"entityAliasId":"77631e3b-8c45-7925-18be-7ab851a6f3e4","filterId":null,"dataKeys":[{"name":"temperature","type":"timeseries","label":"Silo C temperature","color":"#e05aef","settings":{"showLines":true,"fillLines":false,"showPoints":false},"_hash":0.8364317058852573}]}],"timewindow":{"hideInterval":false,"hideAggregation":false,"hideAggInterval":false,"hideTimezone":false,"selectedTab":0,"realtime":{"realtimeType":0,"timewindowMs":3600000,"quickInterval":"CURRENT_DAY","interval":30000},"aggregation":{"type":"AVG","limit":2500}},"showTitle":true,"backgroundColor":"#2d3b48","color":"rgba(255, 254, 254, 0.87)","padding":"8px","settings":{"shadowSize":10,"fontColor":"#fffefe","fontSize":10,"xaxis":{"showLabels":true},"yaxis":{"showLabels":true},"grid":{"color":"rgba(77, 129, 193, 0.24)","verticalLines":false,"horizontalLines":true,"outlineWidth":1,"tickColor":"rgba(77, 129, 193, 0.24)"},"stack":false,"tooltipIndividual":false,"timeForComparison":"previousInterval","xaxisSecond":{"axisPosition":"top","showLabels":true}},"title":"Silos temperature","dropShadow":false,"enableFullscreen":true,"titleStyle":{"fontSize":"20px","fontWeight":"bold","opacity":"0.87"},"mobileHeight":4,"useDashboardTimewindow":false,"showLegend":true,"units":"°C","legendConfig":{"position":"bottom","showMin":true,"showMax":true,"showAvg":true,"showTotal":false},"mobileOrder":2,"displayTimewindow":true},"row":9,"col":0,"id":"359e022a-9503-cd4c-1bfc-8827c54260a3"},"43a37784-fe64-b6b3-67ef-49de8be4d6f1":{"isSystemType":true,"bundleAlias":"charts","typeAlias":"timeseries_bars_flot","type":"timeseries","title":"New widget","sizeX":17,"sizeY":11,"config":{"datasources":[{"type":"entity","name":null,"entityAliasId":"d96af07a-edc4-4e3c-4008-0bb1513a0cd7","filterId":null,"dataKeys":[{"name":"weight","type":"timeseries","label":"Silo A weight","color":"#9ec748","settings":{"showLines":false,"fillLines":false,"showPoints":false},"_hash":0.019214297437383454}]},{"type":"entity","name":null,"entityAliasId":"705c4302-121c-d70a-3669-aafe9ebf8338","filterId":null,"dataKeys":[{"name":"weight","type":"timeseries","label":"Silo B weight","color":"#0f8ffd","settings":{"showLines":false,"fillLines":false,"showPoints":false},"_hash":0.18030204856978127}]},{"type":"entity","name":null,"entityAliasId":"77631e3b-8c45-7925-18be-7ab851a6f3e4","filterId":null,"dataKeys":[{"name":"weight","type":"timeseries","label":"Silo C weight","color":"#e05aef","settings":{"showLines":false,"fillLines":false,"showPoints":false},"_hash":0.39370294904329084}]}],"timewindow":{"hideInterval":false,"hideAggregation":false,"hideAggInterval":false,"hideTimezone":false,"selectedTab":0,"realtime":{"realtimeType":0,"timewindowMs":3600000,"quickInterval":"CURRENT_DAY","interval":30000},"aggregation":{"type":"AVG","limit":200}},"showTitle":true,"backgroundColor":"#2d3b48","color":"rgba(255, 254, 254, 0.87)","padding":"8px","settings":{"shadowSize":4,"fontColor":"#fffefe","fontSize":10,"xaxis":{"showLabels":true},"yaxis":{"showLabels":true},"grid":{"color":"rgba(77, 129, 193, 0.24)","tickColor":"rgba(77, 129, 193, 0.24)","verticalLines":false,"horizontalLines":true,"outlineWidth":1},"stack":true,"tooltipIndividual":false,"defaultBarWidth":600,"barAlignment":"left","timeForComparison":"previousInterval","xaxisSecond":{"axisPosition":"top","showLabels":true}},"title":"Silos weights","dropShadow":false,"enableFullscreen":true,"titleStyle":{"fontSize":"20px","fontWeight":"bold","opacity":"0.87"},"mobileHeight":4,"units":"TON","useDashboardTimewindow":false,"showLegend":true,"mobileOrder":3,"displayTimewindow":true},"row":9,"col":17,"id":"43a37784-fe64-b6b3-67ef-49de8be4d6f1"},"f5728fc8-d311-dfb5-6f62-d2a9c55de5ae":{"isSystemType":true,"bundleAlias":"charts","typeAlias":"pie","type":"latest","title":"New widget","sizeX":8,"sizeY":9,"config":{"datasources":[{"type":"entity","dataKeys":[{"name":"weight","type":"timeseries","label":"Silo A","color":"#9ec748","settings":{},"_hash":0.9743665322802828}],"entityAliasId":"d96af07a-edc4-4e3c-4008-0bb1513a0cd7"},{"type":"entity","dataKeys":[{"name":"weight","type":"timeseries","label":"Silo B","color":"#0f8ffd","settings":{},"_hash":0.19892349980472246}],"entityAliasId":"705c4302-121c-d70a-3669-aafe9ebf8338"},{"type":"entity","dataKeys":[{"name":"weight","type":"timeseries","label":"Silo C","color":"#e05aef","settings":{},"_hash":0.9712196285003363}],"entityAliasId":"77631e3b-8c45-7925-18be-7ab851a6f3e4"}],"timewindow":{"realtime":{"timewindowMs":60000}},"showTitle":true,"backgroundColor":"#2d3b48","color":"rgba(255, 254, 254, 0.87)","padding":"8px","settings":{"radius":1,"fontColor":"#545454","fontSize":10,"innerRadius":0.4,"showLabels":true,"stroke":{"width":5,"color":"#2d3b48"},"tilt":1,"animatedPie":false},"title":"Silos weights","dropShadow":false,"enableFullscreen":true,"titleStyle":{"fontSize":"20px","fontWeight":"bold","opacity":"0.87"},"useDashboardTimewindow":true,"showLegend":false,"units":"TON","mobileOrder":4,"mobileHeight":4},"row":0,"col":15,"id":"f5728fc8-d311-dfb5-6f62-d2a9c55de5ae"},"21ffcb5a-bead-a46f-d4dc-7af6c48b1986":{"isSystemType":true,"bundleAlias":"cards","typeAlias":"timeseries_table","type":"timeseries","title":"New widget","sizeX":16,"sizeY":11,"config":{"datasources":[{"type":"entity","dataKeys":[{"name":"silo","type":"timeseries","label":"Silo","color":"#ffc107","settings":{"useCellStyleFunction":false,"useCellContentFunction":false},"_hash":0.24863541528525124},{"name":"tag","type":"timeseries","label":"Severity","color":"#607d8b","settings":{"useCellStyleFunction":true,"useCellContentFunction":false,"cellStyleFunction":"var style = {\n    color: ''green'',\n    fontWeight: ''bold''\n}\nif (value === ''WARNING'') {\n    style.color = ''red'';\n}\n\nreturn style;"},"_hash":0.62314390604243},{"name":"body","type":"timeseries","label":"Message","color":"#9c27b0","settings":{"useCellStyleFunction":false,"useCellContentFunction":false},"_hash":0.3363228050802227}],"entityAliasId":"2a81382a-9f12-62f0-85f9-b15bbda3311e"}],"timewindow":{"realtime":{"interval":300000,"timewindowMs":86400000},"aggregation":{"type":"NONE","limit":50}},"showTitle":true,"backgroundColor":"#2d3b48","color":"rgba(255, 254, 254, 0.87)","padding":"8px","settings":{"showTimestamp":true},"title":"Silos monitoring events","dropShadow":false,"enableFullscreen":true,"titleStyle":{"fontSize":"20px","fontWeight":"bold","opacity":"0.87"},"mobileHeight":4,"useDashboardTimewindow":false,"showLegend":false,"mobileOrder":5},"row":9,"col":34,"id":"21ffcb5a-bead-a46f-d4dc-7af6c48b1986"},"dab20650-2263-86a4-7a01-ac1eaea2f3af":{"isSystemType":true,"bundleAlias":"cards","typeAlias":"html_card","type":"static","title":"New widget","sizeX":9,"sizeY":2,"config":{"datasources":[],"timewindow":{"realtime":{"timewindowMs":60000}},"showTitle":false,"backgroundColor":"rgb(45, 59, 72)","color":"rgba(0, 0, 0, 0.87)","padding":"8px","settings":{"cardHtml":"<div class=''card''>Silo A</div>","cardCss":".card {\n    font-weight: bold;\n    font-size: 24px;\n    color: #9ec748;\n    width: 100%;\n    height: 100%;\n    display: flex;\n    align-items: center;\n    justify-content: center;\n}"},"title":"Silo A","dropShadow":false,"enableFullscreen":false,"titleStyle":{"fontSize":"16px","fontWeight":400},"mobileOrder":6,"mobileHeight":1,"useDashboardTimewindow":true,"showLegend":false},"row":0,"col":23,"id":"dab20650-2263-86a4-7a01-ac1eaea2f3af"},"234fc7e8-805b-bf56-264c-f0598f569b63":{"isSystemType":true,"bundleAlias":"digital_gauges","typeAlias":"digital_vertical_bar","type":"latest","title":"New widget","sizeX":3,"sizeY":7,"config":{"datasources":[{"type":"entity","dataKeys":[{"name":"temperature","type":"timeseries","label":"temperature","color":"#9ec748","settings":{},"_hash":0.7140177624748909}],"entityAliasId":"d96af07a-edc4-4e3c-4008-0bb1513a0cd7"}],"timewindow":{"realtime":{"timewindowMs":60000}},"showTitle":false,"backgroundColor":"#2d3b48","color":"rgba(0, 0, 0, 0.87)","padding":"0px","settings":{"maxValue":30,"donutStartAngle":90,"showValue":true,"showMinMax":false,"gaugeWidthScale":0.75,"levelColors":[],"titleFont":{"family":"Roboto","size":8,"style":"normal","weight":"500"},"labelFont":{"family":"Roboto","size":8,"style":"normal","weight":"500"},"valueFont":{"family":"Roboto","style":"normal","weight":"500","size":12},"minMaxFont":{"family":"Segment7Standard","size":8,"style":"normal","weight":"normal"},"neonGlowBrightness":0,"showUnitTitle":false,"gaugeColor":"#39461e","gaugeType":"verticalBar","showTitle":true,"minValue":10,"dashThickness":1,"animation":true,"animationDuration":500,"animationRule":"linear","title":"Temperature"},"title":"New Digital vertical bar","dropShadow":false,"enableFullscreen":false,"titleStyle":{"fontSize":"16px","fontWeight":400},"units":"°C","decimals":1,"useDashboardTimewindow":true,"showLegend":false,"mobileOrder":7},"row":2,"col":23,"id":"234fc7e8-805b-bf56-264c-f0598f569b63"},"f4a75996-3c1d-e227-752f-62ebd43efe7e":{"isSystemType":true,"bundleAlias":"digital_gauges","typeAlias":"digital_vertical_bar","type":"latest","title":"New widget","sizeX":3,"sizeY":7,"config":{"datasources":[{"type":"entity","dataKeys":[{"name":"humidity","type":"timeseries","label":"humidity","color":"#9ec748","settings":{},"_hash":0.004571840281637707}],"entityAliasId":"d96af07a-edc4-4e3c-4008-0bb1513a0cd7"}],"timewindow":{"realtime":{"timewindowMs":60000}},"showTitle":false,"backgroundColor":"#2d3b48","color":"rgba(0, 0, 0, 0.87)","padding":"0px","settings":{"maxValue":100,"donutStartAngle":90,"showValue":true,"showMinMax":false,"gaugeWidthScale":0.75,"levelColors":[],"titleFont":{"family":"Roboto","size":8,"style":"normal","weight":"500"},"labelFont":{"family":"Roboto","size":8,"style":"normal","weight":"500"},"valueFont":{"family":"Roboto","style":"normal","weight":"500","size":12},"minMaxFont":{"family":"Segment7Standard","size":8,"style":"normal","weight":"normal"},"neonGlowBrightness":0,"showUnitTitle":false,"gaugeColor":"#39461e","gaugeType":"verticalBar","showTitle":true,"minValue":0,"dashThickness":1,"animation":true,"animationDuration":500,"animationRule":"linear","title":"Humidity"},"title":"New Digital vertical bar","dropShadow":false,"enableFullscreen":false,"titleStyle":{"fontSize":"16px","fontWeight":400},"units":"%","decimals":1,"useDashboardTimewindow":true,"showLegend":false,"mobileOrder":8},"row":2,"col":26,"id":"f4a75996-3c1d-e227-752f-62ebd43efe7e"},"6da3c3fd-abf4-7daa-921f-9c5527d944c6":{"isSystemType":true,"bundleAlias":"digital_gauges","typeAlias":"digital_vertical_bar","type":"latest","title":"New widget","sizeX":3,"sizeY":7,"config":{"datasources":[{"type":"entity","dataKeys":[{"name":"weight","type":"timeseries","label":"weight","color":"#9ec748","settings":{},"_hash":0.9484071673101928}],"entityAliasId":"d96af07a-edc4-4e3c-4008-0bb1513a0cd7"}],"timewindow":{"realtime":{"timewindowMs":60000}},"showTitle":false,"backgroundColor":"#2d3b48","color":"rgba(0, 0, 0, 0.87)","padding":"0px","settings":{"maxValue":200,"donutStartAngle":90,"showValue":true,"showMinMax":false,"gaugeWidthScale":0.75,"levelColors":[],"titleFont":{"family":"Roboto","size":8,"style":"normal","weight":"500"},"labelFont":{"family":"Roboto","size":8,"style":"normal","weight":"500"},"valueFont":{"family":"Roboto","style":"normal","weight":"500","size":12},"minMaxFont":{"family":"Segment7Standard","size":8,"style":"normal","weight":"normal"},"neonGlowBrightness":0,"showUnitTitle":false,"gaugeColor":"#39461e","gaugeType":"verticalBar","showTitle":true,"minValue":0,"dashThickness":1,"animation":true,"animationDuration":500,"animationRule":"linear","title":"Weight"},"title":"New Digital vertical bar","dropShadow":false,"enableFullscreen":false,"titleStyle":{"fontSize":"16px","fontWeight":400},"units":"TON","decimals":0,"useDashboardTimewindow":true,"showLegend":false,"mobileOrder":9},"row":2,"col":29,"id":"6da3c3fd-abf4-7daa-921f-9c5527d944c6"},"ad86df52-d5b6-8368-4781-719e8fb3f780":{"isSystemType":true,"bundleAlias":"cards","typeAlias":"html_card","type":"static","title":"New widget","sizeX":9,"sizeY":2,"config":{"datasources":[],"timewindow":{"realtime":{"timewindowMs":60000}},"showTitle":false,"backgroundColor":"rgb(45, 59, 72)","color":"rgba(0, 0, 0, 0.87)","padding":"8px","settings":{"cardHtml":"<div class=''card''>Silo B</div>","cardCss":".card {\n    font-weight: bold;\n    font-size: 24px;\n    color: #0f8ffd;\n    width: 100%;\n    height: 100%;\n    display: flex;\n    align-items: center;\n    justify-content: center;\n}"},"title":"Silo A","dropShadow":false,"enableFullscreen":false,"titleStyle":{"fontSize":"16px","fontWeight":400},"mobileOrder":10,"mobileHeight":1,"useDashboardTimewindow":true,"showLegend":false},"row":0,"col":32,"id":"ad86df52-d5b6-8368-4781-719e8fb3f780"},"373613c3-dd30-f332-c03c-06125778b995":{"isSystemType":true,"bundleAlias":"digital_gauges","typeAlias":"digital_vertical_bar","type":"latest","title":"New widget","sizeX":3,"sizeY":7,"config":{"datasources":[{"type":"entity","dataKeys":[{"name":"temperature","type":"timeseries","label":"temperature","color":"#0f8ffd","settings":{},"_hash":0.7760388897867059}],"entityAliasId":"705c4302-121c-d70a-3669-aafe9ebf8338"}],"timewindow":{"realtime":{"timewindowMs":60000}},"showTitle":false,"backgroundColor":"#2d3b48","color":"rgba(0, 0, 0, 0.87)","padding":"0px","settings":{"maxValue":30,"donutStartAngle":90,"showValue":true,"showMinMax":false,"gaugeWidthScale":0.75,"levelColors":[],"titleFont":{"family":"Roboto","size":8,"style":"normal","weight":"500"},"labelFont":{"family":"Roboto","size":8,"style":"normal","weight":"500"},"valueFont":{"family":"Roboto","style":"normal","weight":"500","size":12},"minMaxFont":{"family":"Segment7Standard","size":8,"style":"normal","weight":"normal"},"neonGlowBrightness":0,"showUnitTitle":false,"gaugeColor":"#153650","gaugeType":"verticalBar","showTitle":true,"dashThickness":1,"animation":true,"animationDuration":500,"animationRule":"linear","title":"Temperature","minValue":10},"title":"New Digital vertical bar","dropShadow":false,"enableFullscreen":false,"titleStyle":{"fontSize":"16px","fontWeight":400},"units":"°C","decimals":1,"useDashboardTimewindow":true,"showLegend":false,"mobileOrder":11},"row":2,"col":32,"id":"373613c3-dd30-f332-c03c-06125778b995"},"ebae7e96-a342-6015-e563-e056c10296b4":{"isSystemType":true,"bundleAlias":"digital_gauges","typeAlias":"digital_vertical_bar","type":"latest","title":"New widget","sizeX":3,"sizeY":7,"config":{"datasources":[{"type":"entity","dataKeys":[{"name":"humidity","type":"timeseries","label":"humidity","color":"#0f8ffd","settings":{},"_hash":0.7594525031114538}],"entityAliasId":"705c4302-121c-d70a-3669-aafe9ebf8338"}],"timewindow":{"realtime":{"timewindowMs":60000}},"showTitle":false,"backgroundColor":"#2d3b48","color":"rgba(0, 0, 0, 0.87)","padding":"0px","settings":{"maxValue":100,"donutStartAngle":90,"showValue":true,"showMinMax":false,"gaugeWidthScale":0.75,"levelColors":[],"titleFont":{"family":"Roboto","size":8,"style":"normal","weight":"500"},"labelFont":{"family":"Roboto","size":8,"style":"normal","weight":"500"},"valueFont":{"family":"Roboto","style":"normal","weight":"500","size":12},"minMaxFont":{"family":"Segment7Standard","size":8,"style":"normal","weight":"normal"},"neonGlowBrightness":0,"showUnitTitle":false,"gaugeColor":"#153650","gaugeType":"verticalBar","showTitle":true,"minValue":0,"dashThickness":1,"animation":true,"animationDuration":500,"animationRule":"linear","title":"Humidity"},"title":"New Digital vertical bar","dropShadow":false,"enableFullscreen":false,"titleStyle":{"fontSize":"16px","fontWeight":400},"units":"%","decimals":1,"useDashboardTimewindow":true,"showLegend":false,"mobileOrder":12},"row":2,"col":35,"id":"ebae7e96-a342-6015-e563-e056c10296b4"},"a55940e1-8ae4-9ba5-3dc3-ced96c35c225":{"isSystemType":true,"bundleAlias":"digital_gauges","typeAlias":"digital_vertical_bar","type":"latest","title":"New widget","sizeX":3,"sizeY":7,"config":{"datasources":[{"type":"entity","dataKeys":[{"name":"weight","type":"timeseries","label":"weight","color":"#0f8ffd","settings":{},"_hash":0.14125071698762537}],"entityAliasId":"705c4302-121c-d70a-3669-aafe9ebf8338"}],"timewindow":{"realtime":{"timewindowMs":60000}},"showTitle":false,"backgroundColor":"#2d3b48","color":"rgba(0, 0, 0, 0.87)","padding":"0px","settings":{"maxValue":200,"donutStartAngle":90,"showValue":true,"showMinMax":false,"gaugeWidthScale":0.75,"levelColors":[],"titleFont":{"family":"Roboto","size":8,"style":"normal","weight":"500"},"labelFont":{"family":"Roboto","size":8,"style":"normal","weight":"500"},"valueFont":{"family":"Roboto","style":"normal","weight":"500","size":12},"minMaxFont":{"family":"Segment7Standard","size":8,"style":"normal","weight":"normal"},"neonGlowBrightness":0,"showUnitTitle":false,"gaugeColor":"#153650","gaugeType":"verticalBar","showTitle":true,"minValue":0,"dashThickness":1,"animation":true,"animationDuration":500,"animationRule":"linear","title":"Weight"},"title":"New Digital vertical bar","dropShadow":false,"enableFullscreen":false,"titleStyle":{"fontSize":"16px","fontWeight":400},"units":"TON","decimals":0,"useDashboardTimewindow":true,"showLegend":false,"mobileOrder":13},"row":2,"col":38,"id":"a55940e1-8ae4-9ba5-3dc3-ced96c35c225"},"943ec0ea-a49d-8618-6897-a37ad4a2f1f5":{"isSystemType":true,"bundleAlias":"cards","typeAlias":"html_card","type":"static","title":"New widget","sizeX":9,"sizeY":2,"config":{"datasources":[],"timewindow":{"realtime":{"timewindowMs":60000}},"showTitle":false,"backgroundColor":"rgb(45, 59, 72)","color":"rgba(0, 0, 0, 0.87)","padding":"8px","settings":{"cardHtml":"<div class=''card''>Silo C</div>","cardCss":".card {\n    font-weight: bold;\n    font-size: 24px;\n    color: #e05aef;\n    width: 100%;\n    height: 100%;\n    display: flex;\n    align-items: center;\n    justify-content: center;\n}"},"title":"Silo A","dropShadow":false,"enableFullscreen":false,"titleStyle":{"fontSize":"16px","fontWeight":400},"mobileOrder":14,"mobileHeight":1,"useDashboardTimewindow":true,"showLegend":false},"row":0,"col":41,"id":"943ec0ea-a49d-8618-6897-a37ad4a2f1f5"},"4dd83d4e-7fa9-dd6b-8c38-5ec54ef64b7c":{"isSystemType":true,"bundleAlias":"digital_gauges","typeAlias":"digital_vertical_bar","type":"latest","title":"New widget","sizeX":3,"sizeY":7,"config":{"datasources":[{"type":"entity","dataKeys":[{"name":"temperature","type":"timeseries","label":"temperature","color":"#e05aef","settings":{},"_hash":0.13370006231494758}],"entityAliasId":"77631e3b-8c45-7925-18be-7ab851a6f3e4"}],"timewindow":{"realtime":{"timewindowMs":60000}},"showTitle":false,"backgroundColor":"#2d3b48","color":"rgba(0, 0, 0, 0.87)","padding":"0px","settings":{"maxValue":30,"donutStartAngle":90,"showValue":true,"showMinMax":false,"gaugeWidthScale":0.75,"levelColors":[],"titleFont":{"family":"Roboto","size":8,"style":"normal","weight":"500"},"labelFont":{"family":"Roboto","size":8,"style":"normal","weight":"500"},"valueFont":{"family":"Roboto","style":"normal","weight":"500","size":12},"minMaxFont":{"family":"Segment7Standard","size":8,"style":"normal","weight":"normal"},"neonGlowBrightness":0,"showUnitTitle":false,"gaugeColor":"#3b243e","gaugeType":"verticalBar","showTitle":true,"dashThickness":1,"animation":true,"animationDuration":500,"animationRule":"linear","title":"Temperature","minValue":10},"title":"New Digital vertical bar","dropShadow":false,"enableFullscreen":false,"titleStyle":{"fontSize":"16px","fontWeight":400},"units":"°C","decimals":1,"useDashboardTimewindow":true,"showLegend":false,"mobileOrder":15},"row":2,"col":41,"id":"4dd83d4e-7fa9-dd6b-8c38-5ec54ef64b7c"},"7e99541a-fd0f-c8cf-6752-8facffa419ae":{"isSystemType":true,"bundleAlias":"digital_gauges","typeAlias":"digital_vertical_bar","type":"latest","title":"New widget","sizeX":3,"sizeY":7,"config":{"datasources":[{"type":"entity","dataKeys":[{"name":"humidity","type":"timeseries","label":"humidity","color":"#e05aef","settings":{},"_hash":0.435399230297854}],"entityAliasId":"77631e3b-8c45-7925-18be-7ab851a6f3e4"}],"timewindow":{"realtime":{"timewindowMs":60000}},"showTitle":false,"backgroundColor":"#2d3b48","color":"rgba(0, 0, 0, 0.87)","padding":"0px","settings":{"maxValue":100,"donutStartAngle":90,"showValue":true,"showMinMax":false,"gaugeWidthScale":0.75,"levelColors":[],"titleFont":{"family":"Roboto","size":8,"style":"normal","weight":"500"},"labelFont":{"family":"Roboto","size":8,"style":"normal","weight":"500"},"valueFont":{"family":"Roboto","style":"normal","weight":"500","size":12},"minMaxFont":{"family":"Segment7Standard","size":8,"style":"normal","weight":"normal"},"neonGlowBrightness":0,"showUnitTitle":false,"gaugeColor":"#3b243e","gaugeType":"verticalBar","showTitle":true,"minValue":0,"dashThickness":1,"animation":true,"animationDuration":500,"animationRule":"linear","title":"Humidity"},"title":"New Digital vertical bar","dropShadow":false,"enableFullscreen":false,"titleStyle":{"fontSize":"16px","fontWeight":400},"units":"%","decimals":1,"useDashboardTimewindow":true,"showLegend":false,"mobileOrder":16},"row":2,"col":44,"id":"7e99541a-fd0f-c8cf-6752-8facffa419ae"},"96b5fb77-6292-530e-5083-0fa1b1b22efe":{"isSystemType":true,"bundleAlias":"digital_gauges","typeAlias":"digital_vertical_bar","type":"latest","title":"New widget","sizeX":3,"sizeY":7,"config":{"datasources":[{"type":"entity","dataKeys":[{"name":"weight","type":"timeseries","label":"weight","color":"#e05aef","settings":{},"_hash":0.773270624760956}],"entityAliasId":"77631e3b-8c45-7925-18be-7ab851a6f3e4"}],"timewindow":{"realtime":{"timewindowMs":60000}},"showTitle":false,"backgroundColor":"#2d3b48","color":"rgba(0, 0, 0, 0.87)","padding":"0px","settings":{"maxValue":200,"donutStartAngle":90,"showValue":true,"showMinMax":false,"gaugeWidthScale":0.75,"levelColors":[],"titleFont":{"family":"Roboto","size":8,"style":"normal","weight":"500"},"labelFont":{"family":"Roboto","size":8,"style":"normal","weight":"500"},"valueFont":{"family":"Roboto","style":"normal","weight":"500","size":12},"minMaxFont":{"family":"Segment7Standard","size":8,"style":"normal","weight":"normal"},"neonGlowBrightness":0,"showUnitTitle":false,"gaugeColor":"#3b243e","gaugeType":"verticalBar","showTitle":true,"minValue":0,"dashThickness":1,"animation":true,"animationDuration":500,"animationRule":"linear","title":"Weight"},"title":"New Digital vertical bar","dropShadow":false,"enableFullscreen":false,"titleStyle":{"fontSize":"16px","fontWeight":400},"units":"TON","decimals":0,"useDashboardTimewindow":true,"showLegend":false,"mobileOrder":17},"row":2,"col":47,"id":"96b5fb77-6292-530e-5083-0fa1b1b22efe"},"6c0e65d9-7414-f80f-a1f2-2ede7925a751":{"isSystemType":true,"bundleAlias":"maps_v2","typeAlias":"openstreetmap","type":"latest","title":"New widget","sizeX":15,"sizeY":9,"config":{"datasources":[{"type":"entity","dataKeys":[{"name":"humidity","type":"timeseries","label":"humidity","color":"#f44336","settings":{},"_hash":0.5515097660616433},{"name":"temperature","type":"timeseries","label":"temperature","color":"#ffc107","settings":{},"_hash":0.9021564359621168},{"name":"weight","type":"timeseries","label":"weight","color":"#607d8b","settings":{},"_hash":0.11182138635564898},{"name":"latitude","type":"attribute","label":"latitude","color":"#2196f3","settings":{},"_hash":0.23362311481922382},{"name":"longitude","type":"attribute","label":"longitude","color":"#4caf50","settings":{},"_hash":0.07601088660015409}],"entityAliasId":"2cec688f-28a4-7d70-5584-49d0ab4bf5c8"}],"timewindow":{"realtime":{"timewindowMs":60000}},"showTitle":false,"backgroundColor":"#2d3b48","color":"rgba(0, 0, 0, 0.87)","padding":"8px","settings":{"fitMapBounds":false,"latKeyName":"latitude","lngKeyName":"longitude","showLabel":true,"label":"<div style=''position: relative; white-space: nowrap; text-align: center; font-size: 16px; top: -5px;''><span style=''margin-left: -500%;''></span><span style=''border: solid #ff3d00; border-radius: 10px; color: #ff3d00; background-color: #fff; padding-left: 5px; padding-right: 5px; padding-top: 3px; padding-bottom: 3px;''>${entityName}</span><span style=''margin-right: -500%;''></span></div>","tooltipPattern":"<div style=\"color: rgba(0,0,0,0.87);\"><b>Latitude:</b> ${latitude:7}<br/><b>Longitude:</b> ${longitude:7}<br/><b>Weight:</b> ${weight:0} TON<br/><b>Temperature:</b> ${temperature} °C<br/><b>Humidity:</b> ${humidity}%</div>","markerImageSize":60,"useColorFunction":false,"markerImages":["data:image/svg+xml;base64,PHN2ZyBpZD0ic3ZnMzk1OTgiIHhtbG5zOnJkZj0iaHR0cDovL3d3dy53My5vcmcvMTk5OS8wMi8yMi1yZGYtc3ludGF4LW5zIyIgeG1sbnM9Imh0dHA6Ly93d3cudzMub3JnLzIwMDAvc3ZnIiBoZWlnaHQ9IjExNS4zN21tIiB3aWR0aD0iMTE1LjUzbW0iIHZlcnNpb249IjEuMSIgeG1sbnM6Y2M9Imh0dHA6Ly9jcmVhdGl2ZWNvbW1vbnMub3JnL25zIyIgeG1sbnM6ZGM9Imh0dHA6Ly9wdXJsLm9yZy9kYy9lbGVtZW50cy8xLjEvIiB2aWV3Qm94PSIwIDAgNDA5LjM3MTYyIDQwOC43ODEyNCI+CiA8ZyBpZD0ibGF5ZXI0IiB0cmFuc2Zvcm09InRyYW5zbGF0ZSgtNDQuNzUyIC00Mi44MjYpIj4KICA8ZWxsaXBzZSBpZD0icGF0aDQwMzQxLTQiIHJ4PSIyMDIuMzkiIHJ5PSIyMDIuNzUiIGN5PSIyNDYuMzMiIGN4PSIyNDcuMTQiIGZpbGw9IiNmZmYiLz4KIDwvZz4KIDxnIGlkPSJsYXllcjMiIHRyYW5zZm9ybT0idHJhbnNsYXRlKC0xNjEuODMgLTE1NC4wNCkiPgogIDxlbGxpcHNlIGlkPSJwYXRoNDAzNDEiIHJ4PSIxNTcuMyIgcnk9IjI5LjcxNSIgY3k9IjQ2OC42MSIgY3g9IjM2My4zNCIgZmlsbD0iIzllYzc0OCIvPgogPC9nPgogPGcgaWQ9ImxheWVyMSIgdHJhbnNmb3JtPSJ0cmFuc2xhdGUoLTE2MS44MyAtMTU0LjA0KSI+CiAgPHBhdGggaWQ9InBhdGg0MDM0MS03IiBkPSJtMzY2LjgxIDE1Ni4wNGMtMTExLjc4IDAuMDAwMDMtMjAyLjM5IDkwLjYxMy0yMDIuMzkgMjAyLjM5IDAuMDAwMDIgMTExLjc4IDkwLjYxMyAyMDIuMzkgMjAyLjM5IDIwMi4zOSAxMTEuNzgtMC4wMDAwMyAyMDIuMzktOTAuNjEzIDIwMi4zOS0yMDIuMzkgMC0xMTEuNzctOTAuNjEtMjAyLjM5LTIwMi4zOS0yMDIuMzl6bS0wLjIyMjY2IDU2LjE5MWM2MS4yNSAwLjE1MTIyIDcyLjczMiAzMS42MjkgNzIuNzMyIDMxLjYyOXYyOS44NHMtMzcuOTA2IDQuNDQyOC03Mi4yODMgNC41MDM5Yy0zMy43NzIgMC4wNTk5LTc0LjA0NS01LjkwNDMtNzQuMDQ1LTUuOTA0M3YtMjguNDM5czkuODU1OS0zMS42OTkgNzMuNTk2LTMxLjYyOXptNzIuNzMyIDEwNS43OXMtMzcuOTA2IDQuNDQ0OC03Mi4yODMgNC41MDU5Yy0zMy43NzIgMC4wNTk5LTc0LjA0NS01LjkwNDMtNzQuMDQ1LTUuOTA0M3YtMjUuNzg0czQ2LjQ4NCA0LjY0OTIgNzMuNzE5IDQuOTQ5MWMyNy41NDkgMC4zMDM0MSA3Mi42NzMtNC45NDkxIDcyLjY3My00Ljk0OTF6bS0xNDYuNDggMTcuMTA3czQ2LjQ4NiA0LjY0OSA3My43MjEgNC45NDljMjcuNTQ5IDAuMzAzNDEgNzIuNjA3LTQuOTQ5IDcyLjYwNy00Ljk0OXYyNy4xODZzLTM3LjkwNiA0LjQ0MjktNzIuMjgzIDQuNTAzOWMtMzMuNzcyIDAuMDU5OS03NC4wNDUtNS45MDQzLTc0LjA0NS01LjkwNDN6bTAgNDQuNTAyczQ2LjQ4NiA0LjY0OSA3My43MjEgNC45NDljMjcuNTQ5IDAuMzAzMzggNzIuNjA3LTQuOTQ5IDcyLjYwNy00Ljk0OXYyNy4xODJzLTM3LjkwNiA0LjQ0NDgtNzIuMjgzIDQuNTA1OWMtMzMuNzcyIDAuMDU5OS03NC4wNDUtNS45MDQzLTc0LjA0NS01LjkwNDN6bTE0Ni4zMyA3MC45MDZzLTM3LjkwNiA0LjQ0NDktNzIuMjgzIDQuNTA1OWMtMzMuNzcyIDAuMDU5OS03NC4wNDUtNS45MDQzLTc0LjA0NS01LjkwNDN2LTI1Ljc4M3M0Ni40ODYgNC42NDkgNzMuNzIxIDQuOTQ5YzI3LjU0OSAwLjMwMzQxIDcyLjYwNy00Ljk0OSA3Mi42MDctNC45NDl2MjcuMTgxbS0xNDYuMTcgMTcuMzA3czQ2LjQ4NCA0LjY0OSA3My43MTkgNC45NDljMjcuNTQ5IDAuMzAzNDEgNzIuNjA5LTQuOTQ5IDcyLjYwOS00Ljk0OXYyMi44MTVoLTE0Ni4zM3oiIHN0cm9rZT0iIzllYzc0OCIgc3Ryb2tlLWxpbmVjYXA9InJvdW5kIiBzdHJva2Utd2lkdGg9IjgiIGZpbGw9IiNmZmYiLz4KIDwvZz4KIDxnIGlkPSJsYXllcjUiIHRyYW5zZm9ybT0idHJhbnNsYXRlKC00NC43NTIgLTQyLjgyNikiIGRpc3BsYXk9Im5vbmUiPgogIDxwYXRoIGlkPSJwYXRoNDAxNDgiIGQ9Im0zNjYuODEgMTExLjIyYTI0OS43MyAyNDkuNzMgMCAwIDAgLTI0OS43MyAyNDkuNzMgMjQ5LjczIDI0OS43MyAwIDAgMCAxNTYuNTYgMjMxLjU2bDkzLjE3NiAyMDUuNzUgOTMuMjA1LTIwNS44MWEyNDkuNzMgMjQ5LjczIDAgMCAwIDE1Ni41MiAtMjMxLjUgMjQ5LjczIDI0OS43MyAwIDAgMCAtMjQ5LjczIC0yNDkuNzN6bTAgNTUuNWExOTQuMjMgMTk0LjIzIDAgMCAxIDE5NC4yMyAxOTQuMjMgMTk0LjIzIDE5NC4yMyAwIDAgMSAtMTk0LjIzIDE5NC4yMyAxOTQuMjMgMTk0LjIzIDAgMCAxIC0xOTQuMjMgLTE5NC4yMyAxOTQuMjMgMTk0LjIzIDAgMCAxIDE5NC4yMyAtMTk0LjIzeiIgdHJhbnNmb3JtPSJ0cmFuc2xhdGUoLTExNy4wOCAtMTExLjIyKSIgZmlsbD0iIzllYzc0OCIvPgogPC9nPgo8L3N2Zz4K","data:image/svg+xml;base64,PHN2ZyBpZD0ic3ZnMzk1OTgiIHhtbG5zOnJkZj0iaHR0cDovL3d3dy53My5vcmcvMTk5OS8wMi8yMi1yZGYtc3ludGF4LW5zIyIgeG1sbnM9Imh0dHA6Ly93d3cudzMub3JnLzIwMDAvc3ZnIiBoZWlnaHQ9IjExNS4zN21tIiB3aWR0aD0iMTE1LjUzbW0iIHZlcnNpb249IjEuMSIgeG1sbnM6Y2M9Imh0dHA6Ly9jcmVhdGl2ZWNvbW1vbnMub3JnL25zIyIgeG1sbnM6ZGM9Imh0dHA6Ly9wdXJsLm9yZy9kYy9lbGVtZW50cy8xLjEvIiB2aWV3Qm94PSIwIDAgNDA5LjM3MTYyIDQwOC43ODEyNCI+CiA8ZyBpZD0ibGF5ZXI0IiB0cmFuc2Zvcm09InRyYW5zbGF0ZSgtNDQuNzUyIC00Mi44MjYpIj4KICA8ZWxsaXBzZSBpZD0icGF0aDQwMzQxLTQiIHJ4PSIyMDIuMzkiIHJ5PSIyMDIuNzUiIGN5PSIyNDYuMzMiIGN4PSIyNDcuMTQiIGZpbGw9IiNmZmYiLz4KIDwvZz4KIDxnIGlkPSJsYXllcjMiIHRyYW5zZm9ybT0idHJhbnNsYXRlKC0xNjEuODMgLTE1NC4wNCkiPgogIDxlbGxpcHNlIGlkPSJwYXRoNDAzNDEiIHJ4PSIxNTcuMyIgcnk9IjgyLjc0OCIgY3k9IjQ1MC45MyIgY3g9IjM2My4zNCIgZmlsbD0iIzllYzc0OCIvPgogPC9nPgogPGcgaWQ9ImxheWVyMSIgdHJhbnNmb3JtPSJ0cmFuc2xhdGUoLTE2MS44MyAtMTU0LjA0KSI+CiAgPHBhdGggaWQ9InBhdGg0MDM0MS03IiBkPSJtMzY2LjgxIDE1Ni4wNGMtMTExLjc4IDAuMDAwMDMtMjAyLjM5IDkwLjYxMy0yMDIuMzkgMjAyLjM5IDAuMDAwMDIgMTExLjc4IDkwLjYxMyAyMDIuMzkgMjAyLjM5IDIwMi4zOSAxMTEuNzgtMC4wMDAwMyAyMDIuMzktOTAuNjEzIDIwMi4zOS0yMDIuMzkgMC0xMTEuNzctOTAuNjEtMjAyLjM5LTIwMi4zOS0yMDIuMzl6bS0wLjIyMjY2IDU2LjE5MWM2MS4yNSAwLjE1MTIyIDcyLjczMiAzMS42MjkgNzIuNzMyIDMxLjYyOXYyOS44NHMtMzcuOTA2IDQuNDQyOC03Mi4yODMgNC41MDM5Yy0zMy43NzIgMC4wNTk5LTc0LjA0NS01LjkwNDMtNzQuMDQ1LTUuOTA0M3YtMjguNDM5czkuODU1OS0zMS42OTkgNzMuNTk2LTMxLjYyOXptNzIuNzMyIDEwNS43OXMtMzcuOTA2IDQuNDQ0OC03Mi4yODMgNC41MDU5Yy0zMy43NzIgMC4wNTk5LTc0LjA0NS01LjkwNDMtNzQuMDQ1LTUuOTA0M3YtMjUuNzg0czQ2LjQ4NCA0LjY0OTIgNzMuNzE5IDQuOTQ5MWMyNy41NDkgMC4zMDM0MSA3Mi42NzMtNC45NDkxIDcyLjY3My00Ljk0OTF6bS0xNDYuNDggMTcuMTA3czQ2LjQ4NiA0LjY0OSA3My43MjEgNC45NDljMjcuNTQ5IDAuMzAzNDEgNzIuNjA3LTQuOTQ5IDcyLjYwNy00Ljk0OXYyNy4xODZzLTM3LjkwNiA0LjQ0MjktNzIuMjgzIDQuNTAzOWMtMzMuNzcyIDAuMDU5OS03NC4wNDUtNS45MDQzLTc0LjA0NS01LjkwNDN6bTAgNDQuNTAyczQ2LjQ4NiA0LjY0OSA3My43MjEgNC45NDljMjcuNTQ5IDAuMzAzMzggNzIuNjA3LTQuOTQ5IDcyLjYwNy00Ljk0OXYyNy4xODJzLTM3LjkwNiA0LjQ0NDgtNzIuMjgzIDQuNTA1OWMtMzMuNzcyIDAuMDU5OS03NC4wNDUtNS45MDQzLTc0LjA0NS01LjkwNDN6bTE0Ni4zMyA3MC45MDZzLTM3LjkwNiA0LjQ0NDktNzIuMjgzIDQuNTA1OWMtMzMuNzcyIDAuMDU5OS03NC4wNDUtNS45MDQzLTc0LjA0NS01LjkwNDN2LTI1Ljc4M3M0Ni40ODYgNC42NDkgNzMuNzIxIDQuOTQ5YzI3LjU0OSAwLjMwMzQxIDcyLjYwNy00Ljk0OSA3Mi42MDctNC45NDl2MjcuMTgxbS0xNDYuMTcgMTcuMzA3czQ2LjQ4NCA0LjY0OSA3My43MTkgNC45NDljMjcuNTQ5IDAuMzAzNDEgNzIuNjA5LTQuOTQ5IDcyLjYwOS00Ljk0OXYyMi44MTVoLTE0Ni4zM3oiIHN0cm9rZT0iIzllYzc0OCIgc3Ryb2tlLWxpbmVjYXA9InJvdW5kIiBzdHJva2Utd2lkdGg9IjgiIGZpbGw9IiNmZmYiLz4KIDwvZz4KIDxnIGlkPSJsYXllcjUiIHRyYW5zZm9ybT0idHJhbnNsYXRlKC00NC43NTIgLTQyLjgyNikiIGRpc3BsYXk9Im5vbmUiPgogIDxwYXRoIGlkPSJwYXRoNDAxNDgiIGQ9Im0zNjYuODEgMTExLjIyYTI0OS43MyAyNDkuNzMgMCAwIDAgLTI0OS43MyAyNDkuNzMgMjQ5LjczIDI0OS43MyAwIDAgMCAxNTYuNTYgMjMxLjU2bDkzLjE3NiAyMDUuNzUgOTMuMjA1LTIwNS44MWEyNDkuNzMgMjQ5LjczIDAgMCAwIDE1Ni41MiAtMjMxLjUgMjQ5LjczIDI0OS43MyAwIDAgMCAtMjQ5LjczIC0yNDkuNzN6bTAgNTUuNWExOTQuMjMgMTk0LjIzIDAgMCAxIDE5NC4yMyAxOTQuMjMgMTk0LjIzIDE5NC4yMyAwIDAgMSAtMTk0LjIzIDE5NC4yMyAxOTQuMjMgMTk0LjIzIDAgMCAxIC0xOTQuMjMgLTE5NC4yMyAxOTQuMjMgMTk0LjIzIDAgMCAxIDE5NC4yMyAtMTk0LjIzeiIgdHJhbnNmb3JtPSJ0cmFuc2xhdGUoLTExNy4wOCAtMTExLjIyKSIgZmlsbD0iIzllYzc0OCIvPgogPC9nPgo8L3N2Zz4K","data:image/svg+xml;base64,PHN2ZyBpZD0ic3ZnMzk1OTgiIHhtbG5zOnJkZj0iaHR0cDovL3d3dy53My5vcmcvMTk5OS8wMi8yMi1yZGYtc3ludGF4LW5zIyIgeG1sbnM9Imh0dHA6Ly93d3cudzMub3JnLzIwMDAvc3ZnIiBoZWlnaHQ9IjExNS4zN21tIiB3aWR0aD0iMTE1LjUzbW0iIHZlcnNpb249IjEuMSIgeG1sbnM6Y2M9Imh0dHA6Ly9jcmVhdGl2ZWNvbW1vbnMub3JnL25zIyIgeG1sbnM6ZGM9Imh0dHA6Ly9wdXJsLm9yZy9kYy9lbGVtZW50cy8xLjEvIiB2aWV3Qm94PSIwIDAgNDA5LjM3MTYyIDQwOC43ODEyNCI+CiA8ZyBpZD0ibGF5ZXI0IiB0cmFuc2Zvcm09InRyYW5zbGF0ZSgtNDQuNzUyIC00Mi44MjYpIj4KICA8ZWxsaXBzZSBpZD0icGF0aDQwMzQxLTQiIHJ4PSIyMDIuMzkiIHJ5PSIyMDIuNzUiIGN5PSIyNDYuMzMiIGN4PSIyNDcuMTQiIGZpbGw9IiNmZmYiLz4KIDwvZz4KIDxnIGlkPSJsYXllcjMiIHRyYW5zZm9ybT0idHJhbnNsYXRlKC0xNjEuODMgLTE1NC4wNCkiPgogIDxlbGxpcHNlIGlkPSJwYXRoNDAzNDEiIHJ4PSIxNTcuMyIgcnk9IjExNC4wNiIgY3k9IjQxOS42MiIgY3g9IjM2My4zNCIgZmlsbD0iIzllYzc0OCIvPgogPC9nPgogPGcgaWQ9ImxheWVyMSIgdHJhbnNmb3JtPSJ0cmFuc2xhdGUoLTE2MS44MyAtMTU0LjA0KSI+CiAgPHBhdGggaWQ9InBhdGg0MDM0MS03IiBkPSJtMzY2LjgxIDE1Ni4wNGMtMTExLjc4IDAuMDAwMDMtMjAyLjM5IDkwLjYxMy0yMDIuMzkgMjAyLjM5IDAuMDAwMDIgMTExLjc4IDkwLjYxMyAyMDIuMzkgMjAyLjM5IDIwMi4zOSAxMTEuNzgtMC4wMDAwMyAyMDIuMzktOTAuNjEzIDIwMi4zOS0yMDIuMzkgMC0xMTEuNzctOTAuNjEtMjAyLjM5LTIwMi4zOS0yMDIuMzl6bS0wLjIyMjY2IDU2LjE5MWM2MS4yNSAwLjE1MTIyIDcyLjczMiAzMS42MjkgNzIuNzMyIDMxLjYyOXYyOS44NHMtMzcuOTA2IDQuNDQyOC03Mi4yODMgNC41MDM5Yy0zMy43NzIgMC4wNTk5LTc0LjA0NS01LjkwNDMtNzQuMDQ1LTUuOTA0M3YtMjguNDM5czkuODU1OS0zMS42OTkgNzMuNTk2LTMxLjYyOXptNzIuNzMyIDEwNS43OXMtMzcuOTA2IDQuNDQ0OC03Mi4yODMgNC41MDU5Yy0zMy43NzIgMC4wNTk5LTc0LjA0NS01LjkwNDMtNzQuMDQ1LTUuOTA0M3YtMjUuNzg0czQ2LjQ4NCA0LjY0OTIgNzMuNzE5IDQuOTQ5MWMyNy41NDkgMC4zMDM0MSA3Mi42NzMtNC45NDkxIDcyLjY3My00Ljk0OTF6bS0xNDYuNDggMTcuMTA3czQ2LjQ4NiA0LjY0OSA3My43MjEgNC45NDljMjcuNTQ5IDAuMzAzNDEgNzIuNjA3LTQuOTQ5IDcyLjYwNy00Ljk0OXYyNy4xODZzLTM3LjkwNiA0LjQ0MjktNzIuMjgzIDQuNTAzOWMtMzMuNzcyIDAuMDU5OS03NC4wNDUtNS45MDQzLTc0LjA0NS01LjkwNDN6bTAgNDQuNTAyczQ2LjQ4NiA0LjY0OSA3My43MjEgNC45NDljMjcuNTQ5IDAuMzAzMzggNzIuNjA3LTQuOTQ5IDcyLjYwNy00Ljk0OXYyNy4xODJzLTM3LjkwNiA0LjQ0NDgtNzIuMjgzIDQuNTA1OWMtMzMuNzcyIDAuMDU5OS03NC4wNDUtNS45MDQzLTc0LjA0NS01LjkwNDN6bTE0Ni4zMyA3MC45MDZzLTM3LjkwNiA0LjQ0NDktNzIuMjgzIDQuNTA1OWMtMzMuNzcyIDAuMDU5OS03NC4wNDUtNS45MDQzLTc0LjA0NS01LjkwNDN2LTI1Ljc4M3M0Ni40ODYgNC42NDkgNzMuNzIxIDQuOTQ5YzI3LjU0OSAwLjMwMzQxIDcyLjYwNy00Ljk0OSA3Mi42MDctNC45NDl2MjcuMTgxbS0xNDYuMTcgMTcuMzA3czQ2LjQ4NCA0LjY0OSA3My43MTkgNC45NDljMjcuNTQ5IDAuMzAzNDEgNzIuNjA5LTQuOTQ5IDcyLjYwOS00Ljk0OXYyMi44MTVoLTE0Ni4zM3oiIHN0cm9rZT0iIzllYzc0OCIgc3Ryb2tlLWxpbmVjYXA9InJvdW5kIiBzdHJva2Utd2lkdGg9IjgiIGZpbGw9IiNmZmYiLz4KIDwvZz4KIDxnIGlkPSJsYXllcjUiIHRyYW5zZm9ybT0idHJhbnNsYXRlKC00NC43NTIgLTQyLjgyNikiIGRpc3BsYXk9Im5vbmUiPgogIDxwYXRoIGlkPSJwYXRoNDAxNDgiIGQ9Im0zNjYuODEgMTExLjIyYTI0OS43MyAyNDkuNzMgMCAwIDAgLTI0OS43MyAyNDkuNzMgMjQ5LjczIDI0OS43MyAwIDAgMCAxNTYuNTYgMjMxLjU2bDkzLjE3NiAyMDUuNzUgOTMuMjA1LTIwNS44MWEyNDkuNzMgMjQ5LjczIDAgMCAwIDE1Ni41MiAtMjMxLjUgMjQ5LjczIDI0OS43MyAwIDAgMCAtMjQ5LjczIC0yNDkuNzN6bTAgNTUuNWExOTQuMjMgMTk0LjIzIDAgMCAxIDE5NC4yMyAxOTQuMjMgMTk0LjIzIDE5NC4yMyAwIDAgMSAtMTk0LjIzIDE5NC4yMyAxOTQuMjMgMTk0LjIzIDAgMCAxIC0xOTQuMjMgLTE5NC4yMyAxOTQuMjMgMTk0LjIzIDAgMCAxIDE5NC4yMyAtMTk0LjIzeiIgdHJhbnNmb3JtPSJ0cmFuc2xhdGUoLTExNy4wOCAtMTExLjIyKSIgZmlsbD0iIzllYzc0OCIvPgogPC9nPgo8L3N2Zz4K","data:image/svg+xml;base64,PHN2ZyBpZD0ic3ZnMzk1OTgiIHhtbG5zOnJkZj0iaHR0cDovL3d3dy53My5vcmcvMTk5OS8wMi8yMi1yZGYtc3ludGF4LW5zIyIgeG1sbnM9Imh0dHA6Ly93d3cudzMub3JnLzIwMDAvc3ZnIiBoZWlnaHQ9IjExNS4zN21tIiB3aWR0aD0iMTE1LjUzbW0iIHZlcnNpb249IjEuMSIgeG1sbnM6Y2M9Imh0dHA6Ly9jcmVhdGl2ZWNvbW1vbnMub3JnL25zIyIgeG1sbnM6ZGM9Imh0dHA6Ly9wdXJsLm9yZy9kYy9lbGVtZW50cy8xLjEvIiB2aWV3Qm94PSIwIDAgNDA5LjM3MTYyIDQwOC43ODEyNCI+CiA8ZyBpZD0ibGF5ZXI0IiB0cmFuc2Zvcm09InRyYW5zbGF0ZSgtNDQuNzUyIC00Mi44MjYpIj4KICA8ZWxsaXBzZSBpZD0icGF0aDQwMzQxLTQiIHJ4PSIyMDIuMzkiIHJ5PSIyMDIuNzUiIGN5PSIyNDYuMzMiIGN4PSIyNDcuMTQiIGZpbGw9IiNmZmYiLz4KIDwvZz4KIDxnIGlkPSJsYXllcjMiIHRyYW5zZm9ybT0idHJhbnNsYXRlKC0xNjEuODMgLTE1NC4wNCkiPgogIDxlbGxpcHNlIGlkPSJwYXRoNDAzNDEiIHJ4PSIxNTcuMyIgcnk9IjE2OC4xMSIgY3k9IjM2NS41OCIgY3g9IjM2My4zNCIgZmlsbD0iIzllYzc0OCIvPgogPC9nPgogPGcgaWQ9ImxheWVyMSIgdHJhbnNmb3JtPSJ0cmFuc2xhdGUoLTE2MS44MyAtMTU0LjA0KSI+CiAgPHBhdGggaWQ9InBhdGg0MDM0MS03IiBkPSJtMzY2LjgxIDE1Ni4wNGMtMTExLjc4IDAuMDAwMDMtMjAyLjM5IDkwLjYxMy0yMDIuMzkgMjAyLjM5IDAuMDAwMDIgMTExLjc4IDkwLjYxMyAyMDIuMzkgMjAyLjM5IDIwMi4zOSAxMTEuNzgtMC4wMDAwMyAyMDIuMzktOTAuNjEzIDIwMi4zOS0yMDIuMzkgMC0xMTEuNzctOTAuNjEtMjAyLjM5LTIwMi4zOS0yMDIuMzl6bS0wLjIyMjY2IDU2LjE5MWM2MS4yNSAwLjE1MTIyIDcyLjczMiAzMS42MjkgNzIuNzMyIDMxLjYyOXYyOS44NHMtMzcuOTA2IDQuNDQyOC03Mi4yODMgNC41MDM5Yy0zMy43NzIgMC4wNTk5LTc0LjA0NS01LjkwNDMtNzQuMDQ1LTUuOTA0M3YtMjguNDM5czkuODU1OS0zMS42OTkgNzMuNTk2LTMxLjYyOXptNzIuNzMyIDEwNS43OXMtMzcuOTA2IDQuNDQ0OC03Mi4yODMgNC41MDU5Yy0zMy43NzIgMC4wNTk5LTc0LjA0NS01LjkwNDMtNzQuMDQ1LTUuOTA0M3YtMjUuNzg0czQ2LjQ4NCA0LjY0OTIgNzMuNzE5IDQuOTQ5MWMyNy41NDkgMC4zMDM0MSA3Mi42NzMtNC45NDkxIDcyLjY3My00Ljk0OTF6bS0xNDYuNDggMTcuMTA3czQ2LjQ4NiA0LjY0OSA3My43MjEgNC45NDljMjcuNTQ5IDAuMzAzNDEgNzIuNjA3LTQuOTQ5IDcyLjYwNy00Ljk0OXYyNy4xODZzLTM3LjkwNiA0LjQ0MjktNzIuMjgzIDQuNTAzOWMtMzMuNzcyIDAuMDU5OS03NC4wNDUtNS45MDQzLTc0LjA0NS01LjkwNDN6bTAgNDQuNTAyczQ2LjQ4NiA0LjY0OSA3My43MjEgNC45NDljMjcuNTQ5IDAuMzAzMzggNzIuNjA3LTQuOTQ5IDcyLjYwNy00Ljk0OXYyNy4xODJzLTM3LjkwNiA0LjQ0NDgtNzIuMjgzIDQuNTA1OWMtMzMuNzcyIDAuMDU5OS03NC4wNDUtNS45MDQzLTc0LjA0NS01LjkwNDN6bTE0Ni4zMyA3MC45MDZzLTM3LjkwNiA0LjQ0NDktNzIuMjgzIDQuNTA1OWMtMzMuNzcyIDAuMDU5OS03NC4wNDUtNS45MDQzLTc0LjA0NS01LjkwNDN2LTI1Ljc4M3M0Ni40ODYgNC42NDkgNzMuNzIxIDQuOTQ5YzI3LjU0OSAwLjMwMzQxIDcyLjYwNy00Ljk0OSA3Mi42MDctNC45NDl2MjcuMTgxbS0xNDYuMTcgMTcuMzA3czQ2LjQ4NCA0LjY0OSA3My43MTkgNC45NDljMjcuNTQ5IDAuMzAzNDEgNzIuNjA5LTQuOTQ5IDcyLjYwOS00Ljk0OXYyMi44MTVoLTE0Ni4zM3oiIHN0cm9rZT0iIzllYzc0OCIgc3Ryb2tlLWxpbmVjYXA9InJvdW5kIiBzdHJva2Utd2lkdGg9IjgiIGZpbGw9IiNmZmYiLz4KIDwvZz4KIDxnIGlkPSJsYXllcjUiIHRyYW5zZm9ybT0idHJhbnNsYXRlKC00NC43NTIgLTQyLjgyNikiIGRpc3BsYXk9Im5vbmUiPgogIDxwYXRoIGlkPSJwYXRoNDAxNDgiIGQ9Im0zNjYuODEgMTExLjIyYTI0OS43MyAyNDkuNzMgMCAwIDAgLTI0OS43MyAyNDkuNzMgMjQ5LjczIDI0OS43MyAwIDAgMCAxNTYuNTYgMjMxLjU2bDkzLjE3NiAyMDUuNzUgOTMuMjA1LTIwNS44MWEyNDkuNzMgMjQ5LjczIDAgMCAwIDE1Ni41MiAtMjMxLjUgMjQ5LjczIDI0OS43MyAwIDAgMCAtMjQ5LjczIC0yNDkuNzN6bTAgNTUuNWExOTQuMjMgMTk0LjIzIDAgMCAxIDE5NC4yMyAxOTQuMjMgMTk0LjIzIDE5NC4yMyAwIDAgMSAtMTk0LjIzIDE5NC4yMyAxOTQuMjMgMTk0LjIzIDAgMCAxIC0xOTQuMjMgLTE5NC4yMyAxOTQuMjMgMTk0LjIzIDAgMCAxIDE5NC4yMyAtMTk0LjIzeiIgdHJhbnNmb3JtPSJ0cmFuc2xhdGUoLTExNy4wOCAtMTExLjIyKSIgZmlsbD0iIzllYzc0OCIvPgogPC9nPgo8L3N2Zz4K","data:image/svg+xml;base64,PHN2ZyBpZD0ic3ZnMzk1OTgiIHhtbG5zOnJkZj0iaHR0cDovL3d3dy53My5vcmcvMTk5OS8wMi8yMi1yZGYtc3ludGF4LW5zIyIgeG1sbnM9Imh0dHA6Ly93d3cudzMub3JnLzIwMDAvc3ZnIiBoZWlnaHQ9IjExNS4zN21tIiB3aWR0aD0iMTE1LjUzbW0iIHZlcnNpb249IjEuMSIgeG1sbnM6Y2M9Imh0dHA6Ly9jcmVhdGl2ZWNvbW1vbnMub3JnL25zIyIgeG1sbnM6ZGM9Imh0dHA6Ly9wdXJsLm9yZy9kYy9lbGVtZW50cy8xLjEvIiB2aWV3Qm94PSIwIDAgNDA5LjM3MTYyIDQwOC43ODEyNCI+CiA8ZyBpZD0ibGF5ZXI0IiB0cmFuc2Zvcm09InRyYW5zbGF0ZSgtNDQuNzUyIC00Mi44MjYpIj4KICA8ZWxsaXBzZSBpZD0icGF0aDQwMzQxLTQiIHJ4PSIyMDIuMzkiIHJ5PSIyMDIuNzUiIGN5PSIyNDYuMzMiIGN4PSIyNDcuMTQiIGZpbGw9IiNmZmYiLz4KIDwvZz4KIDxnIGlkPSJsYXllcjMiIHRyYW5zZm9ybT0idHJhbnNsYXRlKC0xNjEuODMgLTE1NC4wNCkiPgogIDxlbGxpcHNlIGlkPSJwYXRoNDAzNDEiIHJ4PSIxNTcuMyIgcnk9IjI5LjcxNSIgY3k9IjQ2OC42MSIgY3g9IjM2My4zNCIgZmlsbD0iIzBmOGZmZCIvPgogPC9nPgogPGcgaWQ9ImxheWVyMSIgdHJhbnNmb3JtPSJ0cmFuc2xhdGUoLTE2MS44MyAtMTU0LjA0KSI+CiAgPHBhdGggaWQ9InBhdGg0MDM0MS03IiBkPSJtMzY2LjgxIDE1Ni4wNGMtMTExLjc4IDAuMDAwMDMtMjAyLjM5IDkwLjYxMy0yMDIuMzkgMjAyLjM5IDAuMDAwMDIgMTExLjc4IDkwLjYxMyAyMDIuMzkgMjAyLjM5IDIwMi4zOSAxMTEuNzgtMC4wMDAwMyAyMDIuMzktOTAuNjEzIDIwMi4zOS0yMDIuMzkgMC0xMTEuNzctOTAuNjEtMjAyLjM5LTIwMi4zOS0yMDIuMzl6bS0wLjIyMjY2IDU2LjE5MWM2MS4yNSAwLjE1MTIyIDcyLjczMiAzMS42MjkgNzIuNzMyIDMxLjYyOXYyOS44NHMtMzcuOTA2IDQuNDQyOC03Mi4yODMgNC41MDM5Yy0zMy43NzIgMC4wNTk5LTc0LjA0NS01LjkwNDMtNzQuMDQ1LTUuOTA0M3YtMjguNDM5czkuODU1OS0zMS42OTkgNzMuNTk2LTMxLjYyOXptNzIuNzMyIDEwNS43OXMtMzcuOTA2IDQuNDQ0OC03Mi4yODMgNC41MDU5Yy0zMy43NzIgMC4wNTk5LTc0LjA0NS01LjkwNDMtNzQuMDQ1LTUuOTA0M3YtMjUuNzg0czQ2LjQ4NCA0LjY0OTIgNzMuNzE5IDQuOTQ5MWMyNy41NDkgMC4zMDM0MSA3Mi42NzMtNC45NDkxIDcyLjY3My00Ljk0OTF6bS0xNDYuNDggMTcuMTA3czQ2LjQ4NiA0LjY0OSA3My43MjEgNC45NDljMjcuNTQ5IDAuMzAzNDEgNzIuNjA3LTQuOTQ5IDcyLjYwNy00Ljk0OXYyNy4xODZzLTM3LjkwNiA0LjQ0MjktNzIuMjgzIDQuNTAzOWMtMzMuNzcyIDAuMDU5OS03NC4wNDUtNS45MDQzLTc0LjA0NS01LjkwNDN6bTAgNDQuNTAyczQ2LjQ4NiA0LjY0OSA3My43MjEgNC45NDljMjcuNTQ5IDAuMzAzMzggNzIuNjA3LTQuOTQ5IDcyLjYwNy00Ljk0OXYyNy4xODJzLTM3LjkwNiA0LjQ0NDgtNzIuMjgzIDQuNTA1OWMtMzMuNzcyIDAuMDU5OS03NC4wNDUtNS45MDQzLTc0LjA0NS01LjkwNDN6bTE0Ni4zMyA3MC45MDZzLTM3LjkwNiA0LjQ0NDktNzIuMjgzIDQuNTA1OWMtMzMuNzcyIDAuMDU5OS03NC4wNDUtNS45MDQzLTc0LjA0NS01LjkwNDN2LTI1Ljc4M3M0Ni40ODYgNC42NDkgNzMuNzIxIDQuOTQ5YzI3LjU0OSAwLjMwMzQxIDcyLjYwNy00Ljk0OSA3Mi42MDctNC45NDl2MjcuMTgxbS0xNDYuMTcgMTcuMzA3czQ2LjQ4NCA0LjY0OSA3My43MTkgNC45NDljMjcuNTQ5IDAuMzAzNDEgNzIuNjA5LTQuOTQ5IDcyLjYwOS00Ljk0OXYyMi44MTVoLTE0Ni4zM3oiIHN0cm9rZT0iIzBmOGZmZCIgc3Ryb2tlLWxpbmVjYXA9InJvdW5kIiBzdHJva2Utd2lkdGg9IjgiIGZpbGw9IiNmZmYiLz4KIDwvZz4KIDxnIGlkPSJsYXllcjUiIHRyYW5zZm9ybT0idHJhbnNsYXRlKC00NC43NTIgLTQyLjgyNikiIGRpc3BsYXk9Im5vbmUiPgogIDxwYXRoIGlkPSJwYXRoNDAxNDgiIGQ9Im0zNjYuODEgMTExLjIyYTI0OS43MyAyNDkuNzMgMCAwIDAgLTI0OS43MyAyNDkuNzMgMjQ5LjczIDI0OS43MyAwIDAgMCAxNTYuNTYgMjMxLjU2bDkzLjE3NiAyMDUuNzUgOTMuMjA1LTIwNS44MWEyNDkuNzMgMjQ5LjczIDAgMCAwIDE1Ni41MiAtMjMxLjUgMjQ5LjczIDI0OS43MyAwIDAgMCAtMjQ5LjczIC0yNDkuNzN6bTAgNTUuNWExOTQuMjMgMTk0LjIzIDAgMCAxIDE5NC4yMyAxOTQuMjMgMTk0LjIzIDE5NC4yMyAwIDAgMSAtMTk0LjIzIDE5NC4yMyAxOTQuMjMgMTk0LjIzIDAgMCAxIC0xOTQuMjMgLTE5NC4yMyAxOTQuMjMgMTk0LjIzIDAgMCAxIDE5NC4yMyAtMTk0LjIzeiIgdHJhbnNmb3JtPSJ0cmFuc2xhdGUoLTExNy4wOCAtMTExLjIyKSIgZmlsbD0iIzllYzc0OCIvPgogPC9nPgo8L3N2Zz4K","data:image/svg+xml;base64,PHN2ZyBpZD0ic3ZnMzk1OTgiIHhtbG5zOnJkZj0iaHR0cDovL3d3dy53My5vcmcvMTk5OS8wMi8yMi1yZGYtc3ludGF4LW5zIyIgeG1sbnM9Imh0dHA6Ly93d3cudzMub3JnLzIwMDAvc3ZnIiBoZWlnaHQ9IjExNS4zN21tIiB3aWR0aD0iMTE1LjUzbW0iIHZlcnNpb249IjEuMSIgeG1sbnM6Y2M9Imh0dHA6Ly9jcmVhdGl2ZWNvbW1vbnMub3JnL25zIyIgeG1sbnM6ZGM9Imh0dHA6Ly9wdXJsLm9yZy9kYy9lbGVtZW50cy8xLjEvIiB2aWV3Qm94PSIwIDAgNDA5LjM3MTYyIDQwOC43ODEyNCI+CiA8ZyBpZD0ibGF5ZXI0IiB0cmFuc2Zvcm09InRyYW5zbGF0ZSgtNDQuNzUyIC00Mi44MjYpIj4KICA8ZWxsaXBzZSBpZD0icGF0aDQwMzQxLTQiIHJ4PSIyMDIuMzkiIHJ5PSIyMDIuNzUiIGN5PSIyNDYuMzMiIGN4PSIyNDcuMTQiIGZpbGw9IiNmZmYiLz4KIDwvZz4KIDxnIGlkPSJsYXllcjMiIHRyYW5zZm9ybT0idHJhbnNsYXRlKC0xNjEuODMgLTE1NC4wNCkiPgogIDxlbGxpcHNlIGlkPSJwYXRoNDAzNDEiIHJ4PSIxNTcuMyIgcnk9IjY0Ljg5MSIgY3k9IjQzNi42NSIgY3g9IjM2My4zNCIgZmlsbD0iIzBmOGZmZCIvPgogPC9nPgogPGcgaWQ9ImxheWVyMSIgdHJhbnNmb3JtPSJ0cmFuc2xhdGUoLTE2MS44MyAtMTU0LjA0KSI+CiAgPHBhdGggaWQ9InBhdGg0MDM0MS03IiBkPSJtMzY2LjgxIDE1Ni4wNGMtMTExLjc4IDAuMDAwMDMtMjAyLjM5IDkwLjYxMy0yMDIuMzkgMjAyLjM5IDAuMDAwMDIgMTExLjc4IDkwLjYxMyAyMDIuMzkgMjAyLjM5IDIwMi4zOSAxMTEuNzgtMC4wMDAwMyAyMDIuMzktOTAuNjEzIDIwMi4zOS0yMDIuMzkgMC0xMTEuNzctOTAuNjEtMjAyLjM5LTIwMi4zOS0yMDIuMzl6bS0wLjIyMjY2IDU2LjE5MWM2MS4yNSAwLjE1MTIyIDcyLjczMiAzMS42MjkgNzIuNzMyIDMxLjYyOXYyOS44NHMtMzcuOTA2IDQuNDQyOC03Mi4yODMgNC41MDM5Yy0zMy43NzIgMC4wNTk5LTc0LjA0NS01LjkwNDMtNzQuMDQ1LTUuOTA0M3YtMjguNDM5czkuODU1OS0zMS42OTkgNzMuNTk2LTMxLjYyOXptNzIuNzMyIDEwNS43OXMtMzcuOTA2IDQuNDQ0OC03Mi4yODMgNC41MDU5Yy0zMy43NzIgMC4wNTk5LTc0LjA0NS01LjkwNDMtNzQuMDQ1LTUuOTA0M3YtMjUuNzg0czQ2LjQ4NCA0LjY0OTIgNzMuNzE5IDQuOTQ5MWMyNy41NDkgMC4zMDM0MSA3Mi42NzMtNC45NDkxIDcyLjY3My00Ljk0OTF6bS0xNDYuNDggMTcuMTA3czQ2LjQ4NiA0LjY0OSA3My43MjEgNC45NDljMjcuNTQ5IDAuMzAzNDEgNzIuNjA3LTQuOTQ5IDcyLjYwNy00Ljk0OXYyNy4xODZzLTM3LjkwNiA0LjQ0MjktNzIuMjgzIDQuNTAzOWMtMzMuNzcyIDAuMDU5OS03NC4wNDUtNS45MDQzLTc0LjA0NS01LjkwNDN6bTAgNDQuNTAyczQ2LjQ4NiA0LjY0OSA3My43MjEgNC45NDljMjcuNTQ5IDAuMzAzMzggNzIuNjA3LTQuOTQ5IDcyLjYwNy00Ljk0OXYyNy4xODJzLTM3LjkwNiA0LjQ0NDgtNzIuMjgzIDQuNTA1OWMtMzMuNzcyIDAuMDU5OS03NC4wNDUtNS45MDQzLTc0LjA0NS01LjkwNDN6bTE0Ni4zMyA3MC45MDZzLTM3LjkwNiA0LjQ0NDktNzIuMjgzIDQuNTA1OWMtMzMuNzcyIDAuMDU5OS03NC4wNDUtNS45MDQzLTc0LjA0NS01LjkwNDN2LTI1Ljc4M3M0Ni40ODYgNC42NDkgNzMuNzIxIDQuOTQ5YzI3LjU0OSAwLjMwMzQxIDcyLjYwNy00Ljk0OSA3Mi42MDctNC45NDl2MjcuMTgxbS0xNDYuMTcgMTcuMzA3czQ2LjQ4NCA0LjY0OSA3My43MTkgNC45NDljMjcuNTQ5IDAuMzAzNDEgNzIuNjA5LTQuOTQ5IDcyLjYwOS00Ljk0OXYyMi44MTVoLTE0Ni4zM3oiIHN0cm9rZT0iIzBmOGZmZCIgc3Ryb2tlLWxpbmVjYXA9InJvdW5kIiBzdHJva2Utd2lkdGg9IjgiIGZpbGw9IiNmZmYiLz4KIDwvZz4KIDxnIGlkPSJsYXllcjUiIHRyYW5zZm9ybT0idHJhbnNsYXRlKC00NC43NTIgLTQyLjgyNikiIGRpc3BsYXk9Im5vbmUiPgogIDxwYXRoIGlkPSJwYXRoNDAxNDgiIGQ9Im0zNjYuODEgMTExLjIyYTI0OS43MyAyNDkuNzMgMCAwIDAgLTI0OS43MyAyNDkuNzMgMjQ5LjczIDI0OS43MyAwIDAgMCAxNTYuNTYgMjMxLjU2bDkzLjE3NiAyMDUuNzUgOTMuMjA1LTIwNS44MWEyNDkuNzMgMjQ5LjczIDAgMCAwIDE1Ni41MiAtMjMxLjUgMjQ5LjczIDI0OS43MyAwIDAgMCAtMjQ5LjczIC0yNDkuNzN6bTAgNTUuNWExOTQuMjMgMTk0LjIzIDAgMCAxIDE5NC4yMyAxOTQuMjMgMTk0LjIzIDE5NC4yMyAwIDAgMSAtMTk0LjIzIDE5NC4yMyAxOTQuMjMgMTk0LjIzIDAgMCAxIC0xOTQuMjMgLTE5NC4yMyAxOTQuMjMgMTk0LjIzIDAgMCAxIDE5NC4yMyAtMTk0LjIzeiIgdHJhbnNmb3JtPSJ0cmFuc2xhdGUoLTExNy4wOCAtMTExLjIyKSIgZmlsbD0iIzllYzc0OCIvPgogPC9nPgo8L3N2Zz4K","data:image/svg+xml;base64,PHN2ZyBpZD0ic3ZnMzk1OTgiIHhtbG5zOnJkZj0iaHR0cDovL3d3dy53My5vcmcvMTk5OS8wMi8yMi1yZGYtc3ludGF4LW5zIyIgeG1sbnM9Imh0dHA6Ly93d3cudzMub3JnLzIwMDAvc3ZnIiBoZWlnaHQ9IjExNS4zN21tIiB3aWR0aD0iMTE1LjUzbW0iIHZlcnNpb249IjEuMSIgeG1sbnM6Y2M9Imh0dHA6Ly9jcmVhdGl2ZWNvbW1vbnMub3JnL25zIyIgeG1sbnM6ZGM9Imh0dHA6Ly9wdXJsLm9yZy9kYy9lbGVtZW50cy8xLjEvIiB2aWV3Qm94PSIwIDAgNDA5LjM3MTYyIDQwOC43ODEyNCI+CiA8ZyBpZD0ibGF5ZXI0IiB0cmFuc2Zvcm09InRyYW5zbGF0ZSgtNDQuNzUyIC00Mi44MjYpIj4KICA8ZWxsaXBzZSBpZD0icGF0aDQwMzQxLTQiIHJ4PSIyMDIuMzkiIHJ5PSIyMDIuNzUiIGN5PSIyNDYuMzMiIGN4PSIyNDcuMTQiIGZpbGw9IiNmZmYiLz4KIDwvZz4KIDxnIGlkPSJsYXllcjMiIHRyYW5zZm9ybT0idHJhbnNsYXRlKC0xNjEuODMgLTE1NC4wNCkiPgogIDxlbGxpcHNlIGlkPSJwYXRoNDAzNDEiIHJ4PSIxNTcuMyIgcnk9Ijk5LjUzNCIgY3k9IjQwMiIgY3g9IjM2My4zNCIgZmlsbD0iIzBmOGZmZCIvPgogPC9nPgogPGcgaWQ9ImxheWVyMSIgdHJhbnNmb3JtPSJ0cmFuc2xhdGUoLTE2MS44MyAtMTU0LjA0KSI+CiAgPHBhdGggaWQ9InBhdGg0MDM0MS03IiBkPSJtMzY2LjgxIDE1Ni4wNGMtMTExLjc4IDAuMDAwMDMtMjAyLjM5IDkwLjYxMy0yMDIuMzkgMjAyLjM5IDAuMDAwMDIgMTExLjc4IDkwLjYxMyAyMDIuMzkgMjAyLjM5IDIwMi4zOSAxMTEuNzgtMC4wMDAwMyAyMDIuMzktOTAuNjEzIDIwMi4zOS0yMDIuMzkgMC0xMTEuNzctOTAuNjEtMjAyLjM5LTIwMi4zOS0yMDIuMzl6bS0wLjIyMjY2IDU2LjE5MWM2MS4yNSAwLjE1MTIyIDcyLjczMiAzMS42MjkgNzIuNzMyIDMxLjYyOXYyOS44NHMtMzcuOTA2IDQuNDQyOC03Mi4yODMgNC41MDM5Yy0zMy43NzIgMC4wNTk5LTc0LjA0NS01LjkwNDMtNzQuMDQ1LTUuOTA0M3YtMjguNDM5czkuODU1OS0zMS42OTkgNzMuNTk2LTMxLjYyOXptNzIuNzMyIDEwNS43OXMtMzcuOTA2IDQuNDQ0OC03Mi4yODMgNC41MDU5Yy0zMy43NzIgMC4wNTk5LTc0LjA0NS01LjkwNDMtNzQuMDQ1LTUuOTA0M3YtMjUuNzg0czQ2LjQ4NCA0LjY0OTIgNzMuNzE5IDQuOTQ5MWMyNy41NDkgMC4zMDM0MSA3Mi42NzMtNC45NDkxIDcyLjY3My00Ljk0OTF6bS0xNDYuNDggMTcuMTA3czQ2LjQ4NiA0LjY0OSA3My43MjEgNC45NDljMjcuNTQ5IDAuMzAzNDEgNzIuNjA3LTQuOTQ5IDcyLjYwNy00Ljk0OXYyNy4xODZzLTM3LjkwNiA0LjQ0MjktNzIuMjgzIDQuNTAzOWMtMzMuNzcyIDAuMDU5OS03NC4wNDUtNS45MDQzLTc0LjA0NS01LjkwNDN6bTAgNDQuNTAyczQ2LjQ4NiA0LjY0OSA3My43MjEgNC45NDljMjcuNTQ5IDAuMzAzMzggNzIuNjA3LTQuOTQ5IDcyLjYwNy00Ljk0OXYyNy4xODJzLTM3LjkwNiA0LjQ0NDgtNzIuMjgzIDQuNTA1OWMtMzMuNzcyIDAuMDU5OS03NC4wNDUtNS45MDQzLTc0LjA0NS01LjkwNDN6bTE0Ni4zMyA3MC45MDZzLTM3LjkwNiA0LjQ0NDktNzIuMjgzIDQuNTA1OWMtMzMuNzcyIDAuMDU5OS03NC4wNDUtNS45MDQzLTc0LjA0NS01LjkwNDN2LTI1Ljc4M3M0Ni40ODYgNC42NDkgNzMuNzIxIDQuOTQ5YzI3LjU0OSAwLjMwMzQxIDcyLjYwNy00Ljk0OSA3Mi42MDctNC45NDl2MjcuMTgxbS0xNDYuMTcgMTcuMzA3czQ2LjQ4NCA0LjY0OSA3My43MTkgNC45NDljMjcuNTQ5IDAuMzAzNDEgNzIuNjA5LTQuOTQ5IDcyLjYwOS00Ljk0OXYyMi44MTVoLTE0Ni4zM3oiIHN0cm9rZT0iIzBmOGZmZCIgc3Ryb2tlLWxpbmVjYXA9InJvdW5kIiBzdHJva2Utd2lkdGg9IjgiIGZpbGw9IiNmZmYiLz4KIDwvZz4KIDxnIGlkPSJsYXllcjUiIHRyYW5zZm9ybT0idHJhbnNsYXRlKC00NC43NTIgLTQyLjgyNikiIGRpc3BsYXk9Im5vbmUiPgogIDxwYXRoIGlkPSJwYXRoNDAxNDgiIGQ9Im0zNjYuODEgMTExLjIyYTI0OS43MyAyNDkuNzMgMCAwIDAgLTI0OS43MyAyNDkuNzMgMjQ5LjczIDI0OS43MyAwIDAgMCAxNTYuNTYgMjMxLjU2bDkzLjE3NiAyMDUuNzUgOTMuMjA1LTIwNS44MWEyNDkuNzMgMjQ5LjczIDAgMCAwIDE1Ni41MiAtMjMxLjUgMjQ5LjczIDI0OS43MyAwIDAgMCAtMjQ5LjczIC0yNDkuNzN6bTAgNTUuNWExOTQuMjMgMTk0LjIzIDAgMCAxIDE5NC4yMyAxOTQuMjMgMTk0LjIzIDE5NC4yMyAwIDAgMSAtMTk0LjIzIDE5NC4yMyAxOTQuMjMgMTk0LjIzIDAgMCAxIC0xOTQuMjMgLTE5NC4yMyAxOTQuMjMgMTk0LjIzIDAgMCAxIDE5NC4yMyAtMTk0LjIzeiIgdHJhbnNmb3JtPSJ0cmFuc2xhdGUoLTExNy4wOCAtMTExLjIyKSIgZmlsbD0iIzllYzc0OCIvPgogPC9nPgo8L3N2Zz4K","data:image/svg+xml;base64,PHN2ZyBpZD0ic3ZnMzk1OTgiIHhtbG5zOnJkZj0iaHR0cDovL3d3dy53My5vcmcvMTk5OS8wMi8yMi1yZGYtc3ludGF4LW5zIyIgeG1sbnM9Imh0dHA6Ly93d3cudzMub3JnLzIwMDAvc3ZnIiBoZWlnaHQ9IjExNS4zN21tIiB3aWR0aD0iMTE1LjUzbW0iIHZlcnNpb249IjEuMSIgeG1sbnM6Y2M9Imh0dHA6Ly9jcmVhdGl2ZWNvbW1vbnMub3JnL25zIyIgeG1sbnM6ZGM9Imh0dHA6Ly9wdXJsLm9yZy9kYy9lbGVtZW50cy8xLjEvIiB2aWV3Qm94PSIwIDAgNDA5LjM3MTYyIDQwOC43ODEyNCI+CiA8ZyBpZD0ibGF5ZXI0IiB0cmFuc2Zvcm09InRyYW5zbGF0ZSgtNDQuNzUyIC00Mi44MjYpIj4KICA8ZWxsaXBzZSBpZD0icGF0aDQwMzQxLTQiIHJ4PSIyMDIuMzkiIHJ5PSIyMDIuNzUiIGN5PSIyNDYuMzMiIGN4PSIyNDcuMTQiIGZpbGw9IiNmZmYiLz4KIDwvZz4KIDxnIGlkPSJsYXllcjMiIHRyYW5zZm9ybT0idHJhbnNsYXRlKC0xNjEuODMgLTE1NC4wNCkiPgogIDxlbGxpcHNlIGlkPSJwYXRoNDAzNDEiIHJ4PSIxNTcuMyIgcnk9IjE2OC4xMSIgY3k9IjM2NS41OCIgY3g9IjM2My4zNCIgZmlsbD0iIzBmOGZmZCIvPgogPC9nPgogPGcgaWQ9ImxheWVyMSIgdHJhbnNmb3JtPSJ0cmFuc2xhdGUoLTE2MS44MyAtMTU0LjA0KSI+CiAgPHBhdGggaWQ9InBhdGg0MDM0MS03IiBkPSJtMzY2LjgxIDE1Ni4wNGMtMTExLjc4IDAuMDAwMDMtMjAyLjM5IDkwLjYxMy0yMDIuMzkgMjAyLjM5IDAuMDAwMDIgMTExLjc4IDkwLjYxMyAyMDIuMzkgMjAyLjM5IDIwMi4zOSAxMTEuNzgtMC4wMDAwMyAyMDIuMzktOTAuNjEzIDIwMi4zOS0yMDIuMzkgMC0xMTEuNzctOTAuNjEtMjAyLjM5LTIwMi4zOS0yMDIuMzl6bS0wLjIyMjY2IDU2LjE5MWM2MS4yNSAwLjE1MTIyIDcyLjczMiAzMS42MjkgNzIuNzMyIDMxLjYyOXYyOS44NHMtMzcuOTA2IDQuNDQyOC03Mi4yODMgNC41MDM5Yy0zMy43NzIgMC4wNTk5LTc0LjA0NS01LjkwNDMtNzQuMDQ1LTUuOTA0M3YtMjguNDM5czkuODU1OS0zMS42OTkgNzMuNTk2LTMxLjYyOXptNzIuNzMyIDEwNS43OXMtMzcuOTA2IDQuNDQ0OC03Mi4yODMgNC41MDU5Yy0zMy43NzIgMC4wNTk5LTc0LjA0NS01LjkwNDMtNzQuMDQ1LTUuOTA0M3YtMjUuNzg0czQ2LjQ4NCA0LjY0OTIgNzMuNzE5IDQuOTQ5MWMyNy41NDkgMC4zMDM0MSA3Mi42NzMtNC45NDkxIDcyLjY3My00Ljk0OTF6bS0xNDYuNDggMTcuMTA3czQ2LjQ4NiA0LjY0OSA3My43MjEgNC45NDljMjcuNTQ5IDAuMzAzNDEgNzIuNjA3LTQuOTQ5IDcyLjYwNy00Ljk0OXYyNy4xODZzLTM3LjkwNiA0LjQ0MjktNzIuMjgzIDQuNTAzOWMtMzMuNzcyIDAuMDU5OS03NC4wNDUtNS45MDQzLTc0LjA0NS01LjkwNDN6bTAgNDQuNTAyczQ2LjQ4NiA0LjY0OSA3My43MjEgNC45NDljMjcuNTQ5IDAuMzAzMzggNzIuNjA3LTQuOTQ5IDcyLjYwNy00Ljk0OXYyNy4xODJzLTM3LjkwNiA0LjQ0NDgtNzIuMjgzIDQuNTA1OWMtMzMuNzcyIDAuMDU5OS03NC4wNDUtNS45MDQzLTc0LjA0NS01LjkwNDN6bTE0Ni4zMyA3MC45MDZzLTM3LjkwNiA0LjQ0NDktNzIuMjgzIDQuNTA1OWMtMzMuNzcyIDAuMDU5OS03NC4wNDUtNS45MDQzLTc0LjA0NS01LjkwNDN2LTI1Ljc4M3M0Ni40ODYgNC42NDkgNzMuNzIxIDQuOTQ5YzI3LjU0OSAwLjMwMzQxIDcyLjYwNy00Ljk0OSA3Mi42MDctNC45NDl2MjcuMTgxbS0xNDYuMTcgMTcuMzA3czQ2LjQ4NCA0LjY0OSA3My43MTkgNC45NDljMjcuNTQ5IDAuMzAzNDEgNzIuNjA5LTQuOTQ5IDcyLjYwOS00Ljk0OXYyMi44MTVoLTE0Ni4zM3oiIHN0cm9rZT0iIzBmOGZmZCIgc3Ryb2tlLWxpbmVjYXA9InJvdW5kIiBzdHJva2Utd2lkdGg9IjgiIGZpbGw9IiNmZmYiLz4KIDwvZz4KIDxnIGlkPSJsYXllcjUiIHRyYW5zZm9ybT0idHJhbnNsYXRlKC00NC43NTIgLTQyLjgyNikiIGRpc3BsYXk9Im5vbmUiPgogIDxwYXRoIGlkPSJwYXRoNDAxNDgiIGQ9Im0zNjYuODEgMTExLjIyYTI0OS43MyAyNDkuNzMgMCAwIDAgLTI0OS43MyAyNDkuNzMgMjQ5LjczIDI0OS43MyAwIDAgMCAxNTYuNTYgMjMxLjU2bDkzLjE3NiAyMDUuNzUgOTMuMjA1LTIwNS44MWEyNDkuNzMgMjQ5LjczIDAgMCAwIDE1Ni41MiAtMjMxLjUgMjQ5LjczIDI0OS43MyAwIDAgMCAtMjQ5LjczIC0yNDkuNzN6bTAgNTUuNWExOTQuMjMgMTk0LjIzIDAgMCAxIDE5NC4yMyAxOTQuMjMgMTk0LjIzIDE5NC4yMyAwIDAgMSAtMTk0LjIzIDE5NC4yMyAxOTQuMjMgMTk0LjIzIDAgMCAxIC0xOTQuMjMgLTE5NC4yMyAxOTQuMjMgMTk0LjIzIDAgMCAxIDE5NC4yMyAtMTk0LjIzeiIgdHJhbnNmb3JtPSJ0cmFuc2xhdGUoLTExNy4wOCAtMTExLjIyKSIgZmlsbD0iIzllYzc0OCIvPgogPC9nPgo8L3N2Zz4K","data:image/svg+xml;base64,PHN2ZyBpZD0ic3ZnMzk1OTgiIHhtbG5zOnJkZj0iaHR0cDovL3d3dy53My5vcmcvMTk5OS8wMi8yMi1yZGYtc3ludGF4LW5zIyIgeG1sbnM9Imh0dHA6Ly93d3cudzMub3JnLzIwMDAvc3ZnIiBoZWlnaHQ9IjExNS4zN21tIiB3aWR0aD0iMTE1LjUzbW0iIHZlcnNpb249IjEuMSIgeG1sbnM6Y2M9Imh0dHA6Ly9jcmVhdGl2ZWNvbW1vbnMub3JnL25zIyIgeG1sbnM6ZGM9Imh0dHA6Ly9wdXJsLm9yZy9kYy9lbGVtZW50cy8xLjEvIiB2aWV3Qm94PSIwIDAgNDA5LjM3MTYyIDQwOC43ODEyNCI+CiA8ZyBpZD0ibGF5ZXI0IiB0cmFuc2Zvcm09InRyYW5zbGF0ZSgtNDQuNzUyIC00Mi44MjYpIj4KICA8ZWxsaXBzZSBpZD0icGF0aDQwMzQxLTQiIHJ4PSIyMDIuMzkiIHJ5PSIyMDIuNzUiIGN5PSIyNDYuMzMiIGN4PSIyNDcuMTQiIGZpbGw9IiNmZmYiLz4KIDwvZz4KIDxnIGlkPSJsYXllcjMiIHRyYW5zZm9ybT0idHJhbnNsYXRlKC0xNjEuODMgLTE1NC4wNCkiPgogIDxlbGxpcHNlIGlkPSJwYXRoNDAzNDEiIHJ4PSIxNTcuMyIgcnk9IjM3LjI5MSIgY3k9IjQ3Mi4xNSIgY3g9IjM2My4zNCIgZmlsbD0iI2UwNWFlZiIvPgogPC9nPgogPGcgaWQ9ImxheWVyMSIgdHJhbnNmb3JtPSJ0cmFuc2xhdGUoLTE2MS44MyAtMTU0LjA0KSI+CiAgPHBhdGggaWQ9InBhdGg0MDM0MS03IiBkPSJtMzY2LjgxIDE1Ni4wNGMtMTExLjc4IDAuMDAwMDMtMjAyLjM5IDkwLjYxMy0yMDIuMzkgMjAyLjM5IDAuMDAwMDIgMTExLjc4IDkwLjYxMyAyMDIuMzkgMjAyLjM5IDIwMi4zOSAxMTEuNzgtMC4wMDAwMyAyMDIuMzktOTAuNjEzIDIwMi4zOS0yMDIuMzkgMC0xMTEuNzctOTAuNjEtMjAyLjM5LTIwMi4zOS0yMDIuMzl6bS0wLjIyMjY2IDU2LjE5MWM2MS4yNSAwLjE1MTIyIDcyLjczMiAzMS42MjkgNzIuNzMyIDMxLjYyOXYyOS44NHMtMzcuOTA2IDQuNDQyOC03Mi4yODMgNC41MDM5Yy0zMy43NzIgMC4wNTk5LTc0LjA0NS01LjkwNDMtNzQuMDQ1LTUuOTA0M3YtMjguNDM5czkuODU1OS0zMS42OTkgNzMuNTk2LTMxLjYyOXptNzIuNzMyIDEwNS43OXMtMzcuOTA2IDQuNDQ0OC03Mi4yODMgNC41MDU5Yy0zMy43NzIgMC4wNTk5LTc0LjA0NS01LjkwNDMtNzQuMDQ1LTUuOTA0M3YtMjUuNzg0czQ2LjQ4NCA0LjY0OTIgNzMuNzE5IDQuOTQ5MWMyNy41NDkgMC4zMDM0MSA3Mi42NzMtNC45NDkxIDcyLjY3My00Ljk0OTF6bS0xNDYuNDggMTcuMTA3czQ2LjQ4NiA0LjY0OSA3My43MjEgNC45NDljMjcuNTQ5IDAuMzAzNDEgNzIuNjA3LTQuOTQ5IDcyLjYwNy00Ljk0OXYyNy4xODZzLTM3LjkwNiA0LjQ0MjktNzIuMjgzIDQuNTAzOWMtMzMuNzcyIDAuMDU5OS03NC4wNDUtNS45MDQzLTc0LjA0NS01LjkwNDN6bTAgNDQuNTAyczQ2LjQ4NiA0LjY0OSA3My43MjEgNC45NDljMjcuNTQ5IDAuMzAzMzggNzIuNjA3LTQuOTQ5IDcyLjYwNy00Ljk0OXYyNy4xODJzLTM3LjkwNiA0LjQ0NDgtNzIuMjgzIDQuNTA1OWMtMzMuNzcyIDAuMDU5OS03NC4wNDUtNS45MDQzLTc0LjA0NS01LjkwNDN6bTE0Ni4zMyA3MC45MDZzLTM3LjkwNiA0LjQ0NDktNzIuMjgzIDQuNTA1OWMtMzMuNzcyIDAuMDU5OS03NC4wNDUtNS45MDQzLTc0LjA0NS01LjkwNDN2LTI1Ljc4M3M0Ni40ODYgNC42NDkgNzMuNzIxIDQuOTQ5YzI3LjU0OSAwLjMwMzQxIDcyLjYwNy00Ljk0OSA3Mi42MDctNC45NDl2MjcuMTgxbS0xNDYuMTcgMTcuMzA3czQ2LjQ4NCA0LjY0OSA3My43MTkgNC45NDljMjcuNTQ5IDAuMzAzNDEgNzIuNjA5LTQuOTQ5IDcyLjYwOS00Ljk0OXYyMi44MTVoLTE0Ni4zM3oiIHN0cm9rZT0iI2UwNWFlZiIgc3Ryb2tlLWxpbmVjYXA9InJvdW5kIiBzdHJva2Utd2lkdGg9IjgiIGZpbGw9IiNmZmYiLz4KIDwvZz4KIDxnIGlkPSJsYXllcjUiIHRyYW5zZm9ybT0idHJhbnNsYXRlKC00NC43NTIgLTQyLjgyNikiIGRpc3BsYXk9Im5vbmUiPgogIDxwYXRoIGlkPSJwYXRoNDAxNDgiIGQ9Im0zNjYuODEgMTExLjIyYTI0OS43MyAyNDkuNzMgMCAwIDAgLTI0OS43MyAyNDkuNzMgMjQ5LjczIDI0OS43MyAwIDAgMCAxNTYuNTYgMjMxLjU2bDkzLjE3NiAyMDUuNzUgOTMuMjA1LTIwNS44MWEyNDkuNzMgMjQ5LjczIDAgMCAwIDE1Ni41MiAtMjMxLjUgMjQ5LjczIDI0OS43MyAwIDAgMCAtMjQ5LjczIC0yNDkuNzN6bTAgNTUuNWExOTQuMjMgMTk0LjIzIDAgMCAxIDE5NC4yMyAxOTQuMjMgMTk0LjIzIDE5NC4yMyAwIDAgMSAtMTk0LjIzIDE5NC4yMyAxOTQuMjMgMTk0LjIzIDAgMCAxIC0xOTQuMjMgLTE5NC4yMyAxOTQuMjMgMTk0LjIzIDAgMCAxIDE5NC4yMyAtMTk0LjIzeiIgdHJhbnNmb3JtPSJ0cmFuc2xhdGUoLTExNy4wOCAtMTExLjIyKSIgZmlsbD0iIzllYzc0OCIvPgogPC9nPgo8L3N2Zz4K","data:image/svg+xml;base64,PHN2ZyBpZD0ic3ZnMzk1OTgiIHhtbG5zOnJkZj0iaHR0cDovL3d3dy53My5vcmcvMTk5OS8wMi8yMi1yZGYtc3ludGF4LW5zIyIgeG1sbnM9Imh0dHA6Ly93d3cudzMub3JnLzIwMDAvc3ZnIiBoZWlnaHQ9IjExNS4zN21tIiB3aWR0aD0iMTE1LjUzbW0iIHZlcnNpb249IjEuMSIgeG1sbnM6Y2M9Imh0dHA6Ly9jcmVhdGl2ZWNvbW1vbnMub3JnL25zIyIgeG1sbnM6ZGM9Imh0dHA6Ly9wdXJsLm9yZy9kYy9lbGVtZW50cy8xLjEvIiB2aWV3Qm94PSIwIDAgNDA5LjM3MTYyIDQwOC43ODEyNCI+CiA8ZyBpZD0ibGF5ZXI0IiB0cmFuc2Zvcm09InRyYW5zbGF0ZSgtNDQuNzUyIC00Mi44MjYpIj4KICA8ZWxsaXBzZSBpZD0icGF0aDQwMzQxLTQiIHJ4PSIyMDIuMzkiIHJ5PSIyMDIuNzUiIGN5PSIyNDYuMzMiIGN4PSIyNDcuMTQiIGZpbGw9IiNmZmYiLz4KIDwvZz4KIDxnIGlkPSJsYXllcjMiIHRyYW5zZm9ybT0idHJhbnNsYXRlKC0xNjEuODMgLTE1NC4wNCkiPgogIDxlbGxpcHNlIGlkPSJwYXRoNDAzNDEiIHJ4PSIxNTcuMyIgcnk9IjY5LjExMSIgY3k9IjQ0MC4zMyIgY3g9IjM2My4zNCIgZmlsbD0iI2UwNWFlZiIvPgogPC9nPgogPGcgaWQ9ImxheWVyMSIgdHJhbnNmb3JtPSJ0cmFuc2xhdGUoLTE2MS44MyAtMTU0LjA0KSI+CiAgPHBhdGggaWQ9InBhdGg0MDM0MS03IiBkPSJtMzY2LjgxIDE1Ni4wNGMtMTExLjc4IDAuMDAwMDMtMjAyLjM5IDkwLjYxMy0yMDIuMzkgMjAyLjM5IDAuMDAwMDIgMTExLjc4IDkwLjYxMyAyMDIuMzkgMjAyLjM5IDIwMi4zOSAxMTEuNzgtMC4wMDAwMyAyMDIuMzktOTAuNjEzIDIwMi4zOS0yMDIuMzkgMC0xMTEuNzctOTAuNjEtMjAyLjM5LTIwMi4zOS0yMDIuMzl6bS0wLjIyMjY2IDU2LjE5MWM2MS4yNSAwLjE1MTIyIDcyLjczMiAzMS42MjkgNzIuNzMyIDMxLjYyOXYyOS44NHMtMzcuOTA2IDQuNDQyOC03Mi4yODMgNC41MDM5Yy0zMy43NzIgMC4wNTk5LTc0LjA0NS01LjkwNDMtNzQuMDQ1LTUuOTA0M3YtMjguNDM5czkuODU1OS0zMS42OTkgNzMuNTk2LTMxLjYyOXptNzIuNzMyIDEwNS43OXMtMzcuOTA2IDQuNDQ0OC03Mi4yODMgNC41MDU5Yy0zMy43NzIgMC4wNTk5LTc0LjA0NS01LjkwNDMtNzQuMDQ1LTUuOTA0M3YtMjUuNzg0czQ2LjQ4NCA0LjY0OTIgNzMuNzE5IDQuOTQ5MWMyNy41NDkgMC4zMDM0MSA3Mi42NzMtNC45NDkxIDcyLjY3My00Ljk0OTF6bS0xNDYuNDggMTcuMTA3czQ2LjQ4NiA0LjY0OSA3My43MjEgNC45NDljMjcuNTQ5IDAuMzAzNDEgNzIuNjA3LTQuOTQ5IDcyLjYwNy00Ljk0OXYyNy4xODZzLTM3LjkwNiA0LjQ0MjktNzIuMjgzIDQuNTAzOWMtMzMuNzcyIDAuMDU5OS03NC4wNDUtNS45MDQzLTc0LjA0NS01LjkwNDN6bTAgNDQuNTAyczQ2LjQ4NiA0LjY0OSA3My43MjEgNC45NDljMjcuNTQ5IDAuMzAzMzggNzIuNjA3LTQuOTQ5IDcyLjYwNy00Ljk0OXYyNy4xODJzLTM3LjkwNiA0LjQ0NDgtNzIuMjgzIDQuNTA1OWMtMzMuNzcyIDAuMDU5OS03NC4wNDUtNS45MDQzLTc0LjA0NS01LjkwNDN6bTE0Ni4zMyA3MC45MDZzLTM3LjkwNiA0LjQ0NDktNzIuMjgzIDQuNTA1OWMtMzMuNzcyIDAuMDU5OS03NC4wNDUtNS45MDQzLTc0LjA0NS01LjkwNDN2LTI1Ljc4M3M0Ni40ODYgNC42NDkgNzMuNzIxIDQuOTQ5YzI3LjU0OSAwLjMwMzQxIDcyLjYwNy00Ljk0OSA3Mi42MDctNC45NDl2MjcuMTgxbS0xNDYuMTcgMTcuMzA3czQ2LjQ4NCA0LjY0OSA3My43MTkgNC45NDljMjcuNTQ5IDAuMzAzNDEgNzIuNjA5LTQuOTQ5IDcyLjYwOS00Ljk0OXYyMi44MTVoLTE0Ni4zM3oiIHN0cm9rZT0iI2UwNWFlZiIgc3Ryb2tlLWxpbmVjYXA9InJvdW5kIiBzdHJva2Utd2lkdGg9IjgiIGZpbGw9IiNmZmYiLz4KIDwvZz4KIDxnIGlkPSJsYXllcjUiIHRyYW5zZm9ybT0idHJhbnNsYXRlKC00NC43NTIgLTQyLjgyNikiIGRpc3BsYXk9Im5vbmUiPgogIDxwYXRoIGlkPSJwYXRoNDAxNDgiIGQ9Im0zNjYuODEgMTExLjIyYTI0OS43MyAyNDkuNzMgMCAwIDAgLTI0OS43MyAyNDkuNzMgMjQ5LjczIDI0OS43MyAwIDAgMCAxNTYuNTYgMjMxLjU2bDkzLjE3NiAyMDUuNzUgOTMuMjA1LTIwNS44MWEyNDkuNzMgMjQ5LjczIDAgMCAwIDE1Ni41MiAtMjMxLjUgMjQ5LjczIDI0OS43MyAwIDAgMCAtMjQ5LjczIC0yNDkuNzN6bTAgNTUuNWExOTQuMjMgMTk0LjIzIDAgMCAxIDE5NC4yMyAxOTQuMjMgMTk0LjIzIDE5NC4yMyAwIDAgMSAtMTk0LjIzIDE5NC4yMyAxOTQuMjMgMTk0LjIzIDAgMCAxIC0xOTQuMjMgLTE5NC4yMyAxOTQuMjMgMTk0LjIzIDAgMCAxIDE5NC4yMyAtMTk0LjIzeiIgdHJhbnNmb3JtPSJ0cmFuc2xhdGUoLTExNy4wOCAtMTExLjIyKSIgZmlsbD0iIzllYzc0OCIvPgogPC9nPgo8L3N2Zz4K","data:image/svg+xml;base64,PHN2ZyBpZD0ic3ZnMzk1OTgiIHhtbG5zOnJkZj0iaHR0cDovL3d3dy53My5vcmcvMTk5OS8wMi8yMi1yZGYtc3ludGF4LW5zIyIgeG1sbnM9Imh0dHA6Ly93d3cudzMub3JnLzIwMDAvc3ZnIiBoZWlnaHQ9IjExNS4zN21tIiB3aWR0aD0iMTE1LjUzbW0iIHZlcnNpb249IjEuMSIgeG1sbnM6Y2M9Imh0dHA6Ly9jcmVhdGl2ZWNvbW1vbnMub3JnL25zIyIgeG1sbnM6ZGM9Imh0dHA6Ly9wdXJsLm9yZy9kYy9lbGVtZW50cy8xLjEvIiB2aWV3Qm94PSIwIDAgNDA5LjM3MTYyIDQwOC43ODEyNCI+CiA8ZyBpZD0ibGF5ZXI0IiB0cmFuc2Zvcm09InRyYW5zbGF0ZSgtNDQuNzUyIC00Mi44MjYpIj4KICA8ZWxsaXBzZSBpZD0icGF0aDQwMzQxLTQiIHJ4PSIyMDIuMzkiIHJ5PSIyMDIuNzUiIGN5PSIyNDYuMzMiIGN4PSIyNDcuMTQiIGZpbGw9IiNmZmYiLz4KIDwvZz4KIDxnIGlkPSJsYXllcjMiIHRyYW5zZm9ybT0idHJhbnNsYXRlKC0xNjEuODMgLTE1NC4wNCkiPgogIDxlbGxpcHNlIGlkPSJwYXRoNDAzNDEiIHJ4PSIxNTcuMyIgcnk9IjEwMy40NiIgY3k9IjQwNS45OCIgY3g9IjM2My4zNCIgZmlsbD0iI2UwNWFlZiIvPgogPC9nPgogPGcgaWQ9ImxheWVyMSIgdHJhbnNmb3JtPSJ0cmFuc2xhdGUoLTE2MS44MyAtMTU0LjA0KSI+CiAgPHBhdGggaWQ9InBhdGg0MDM0MS03IiBkPSJtMzY2LjgxIDE1Ni4wNGMtMTExLjc4IDAuMDAwMDMtMjAyLjM5IDkwLjYxMy0yMDIuMzkgMjAyLjM5IDAuMDAwMDIgMTExLjc4IDkwLjYxMyAyMDIuMzkgMjAyLjM5IDIwMi4zOSAxMTEuNzgtMC4wMDAwMyAyMDIuMzktOTAuNjEzIDIwMi4zOS0yMDIuMzkgMC0xMTEuNzctOTAuNjEtMjAyLjM5LTIwMi4zOS0yMDIuMzl6bS0wLjIyMjY2IDU2LjE5MWM2MS4yNSAwLjE1MTIyIDcyLjczMiAzMS42MjkgNzIuNzMyIDMxLjYyOXYyOS44NHMtMzcuOTA2IDQuNDQyOC03Mi4yODMgNC41MDM5Yy0zMy43NzIgMC4wNTk5LTc0LjA0NS01LjkwNDMtNzQuMDQ1LTUuOTA0M3YtMjguNDM5czkuODU1OS0zMS42OTkgNzMuNTk2LTMxLjYyOXptNzIuNzMyIDEwNS43OXMtMzcuOTA2IDQuNDQ0OC03Mi4yODMgNC41MDU5Yy0zMy43NzIgMC4wNTk5LTc0LjA0NS01LjkwNDMtNzQuMDQ1LTUuOTA0M3YtMjUuNzg0czQ2LjQ4NCA0LjY0OTIgNzMuNzE5IDQuOTQ5MWMyNy41NDkgMC4zMDM0MSA3Mi42NzMtNC45NDkxIDcyLjY3My00Ljk0OTF6bS0xNDYuNDggMTcuMTA3czQ2LjQ4NiA0LjY0OSA3My43MjEgNC45NDljMjcuNTQ5IDAuMzAzNDEgNzIuNjA3LTQuOTQ5IDcyLjYwNy00Ljk0OXYyNy4xODZzLTM3LjkwNiA0LjQ0MjktNzIuMjgzIDQuNTAzOWMtMzMuNzcyIDAuMDU5OS03NC4wNDUtNS45MDQzLTc0LjA0NS01LjkwNDN6bTAgNDQuNTAyczQ2LjQ4NiA0LjY0OSA3My43MjEgNC45NDljMjcuNTQ5IDAuMzAzMzggNzIuNjA3LTQuOTQ5IDcyLjYwNy00Ljk0OXYyNy4xODJzLTM3LjkwNiA0LjQ0NDgtNzIuMjgzIDQuNTA1OWMtMzMuNzcyIDAuMDU5OS03NC4wNDUtNS45MDQzLTc0LjA0NS01LjkwNDN6bTE0Ni4zMyA3MC45MDZzLTM3LjkwNiA0LjQ0NDktNzIuMjgzIDQuNTA1OWMtMzMuNzcyIDAuMDU5OS03NC4wNDUtNS45MDQzLTc0LjA0NS01LjkwNDN2LTI1Ljc4M3M0Ni40ODYgNC42NDkgNzMuNzIxIDQuOTQ5YzI3LjU0OSAwLjMwMzQxIDcyLjYwNy00Ljk0OSA3Mi42MDctNC45NDl2MjcuMTgxbS0xNDYuMTcgMTcuMzA3czQ2LjQ4NCA0LjY0OSA3My43MTkgNC45NDljMjcuNTQ5IDAuMzAzNDEgNzIuNjA5LTQuOTQ5IDcyLjYwOS00Ljk0OXYyMi44MTVoLTE0Ni4zM3oiIHN0cm9rZT0iI2UwNWFlZiIgc3Ryb2tlLWxpbmVjYXA9InJvdW5kIiBzdHJva2Utd2lkdGg9IjgiIGZpbGw9IiNmZmYiLz4KIDwvZz4KIDxnIGlkPSJsYXllcjUiIHRyYW5zZm9ybT0idHJhbnNsYXRlKC00NC43NTIgLTQyLjgyNikiIGRpc3BsYXk9Im5vbmUiPgogIDxwYXRoIGlkPSJwYXRoNDAxNDgiIGQ9Im0zNjYuODEgMTExLjIyYTI0OS43MyAyNDkuNzMgMCAwIDAgLTI0OS43MyAyNDkuNzMgMjQ5LjczIDI0OS43MyAwIDAgMCAxNTYuNTYgMjMxLjU2bDkzLjE3NiAyMDUuNzUgOTMuMjA1LTIwNS44MWEyNDkuNzMgMjQ5LjczIDAgMCAwIDE1Ni41MiAtMjMxLjUgMjQ5LjczIDI0OS43MyAwIDAgMCAtMjQ5LjczIC0yNDkuNzN6bTAgNTUuNWExOTQuMjMgMTk0LjIzIDAgMCAxIDE5NC4yMyAxOTQuMjMgMTk0LjIzIDE5NC4yMyAwIDAgMSAtMTk0LjIzIDE5NC4yMyAxOTQuMjMgMTk0LjIzIDAgMCAxIC0xOTQuMjMgLTE5NC4yMyAxOTQuMjMgMTk0LjIzIDAgMCAxIDE5NC4yMyAtMTk0LjIzeiIgdHJhbnNmb3JtPSJ0cmFuc2xhdGUoLTExNy4wOCAtMTExLjIyKSIgZmlsbD0iIzllYzc0OCIvPgogPC9nPgo8L3N2Zz4K","data:image/svg+xml;base64,PHN2ZyBpZD0ic3ZnMzk1OTgiIHhtbG5zOnJkZj0iaHR0cDovL3d3dy53My5vcmcvMTk5OS8wMi8yMi1yZGYtc3ludGF4LW5zIyIgeG1sbnM9Imh0dHA6Ly93d3cudzMub3JnLzIwMDAvc3ZnIiBoZWlnaHQ9IjExNS4zN21tIiB3aWR0aD0iMTE1LjUzbW0iIHZlcnNpb249IjEuMSIgeG1sbnM6Y2M9Imh0dHA6Ly9jcmVhdGl2ZWNvbW1vbnMub3JnL25zIyIgeG1sbnM6ZGM9Imh0dHA6Ly9wdXJsLm9yZy9kYy9lbGVtZW50cy8xLjEvIiB2aWV3Qm94PSIwIDAgNDA5LjM3MTYyIDQwOC43ODEyNCI+CiA8ZyBpZD0ibGF5ZXI0IiB0cmFuc2Zvcm09InRyYW5zbGF0ZSgtNDQuNzUyIC00Mi44MjYpIj4KICA8ZWxsaXBzZSBpZD0icGF0aDQwMzQxLTQiIHJ4PSIyMDIuMzkiIHJ5PSIyMDIuNzUiIGN5PSIyNDYuMzMiIGN4PSIyNDcuMTQiIGZpbGw9IiNmZmYiLz4KIDwvZz4KIDxnIGlkPSJsYXllcjMiIHRyYW5zZm9ybT0idHJhbnNsYXRlKC0xNjEuODMgLTE1NC4wNCkiPgogIDxlbGxpcHNlIGlkPSJwYXRoNDAzNDEiIHJ4PSIxNTcuMyIgcnk9IjE1MS45NCIgY3k9IjM1Ny40OSIgY3g9IjM2My4zNCIgZmlsbD0iI2UwNWFlZiIvPgogPC9nPgogPGcgaWQ9ImxheWVyMSIgdHJhbnNmb3JtPSJ0cmFuc2xhdGUoLTE2MS44MyAtMTU0LjA0KSI+CiAgPHBhdGggaWQ9InBhdGg0MDM0MS03IiBkPSJtMzY2LjgxIDE1Ni4wNGMtMTExLjc4IDAuMDAwMDMtMjAyLjM5IDkwLjYxMy0yMDIuMzkgMjAyLjM5IDAuMDAwMDIgMTExLjc4IDkwLjYxMyAyMDIuMzkgMjAyLjM5IDIwMi4zOSAxMTEuNzgtMC4wMDAwMyAyMDIuMzktOTAuNjEzIDIwMi4zOS0yMDIuMzkgMC0xMTEuNzctOTAuNjEtMjAyLjM5LTIwMi4zOS0yMDIuMzl6bS0wLjIyMjY2IDU2LjE5MWM2MS4yNSAwLjE1MTIyIDcyLjczMiAzMS42MjkgNzIuNzMyIDMxLjYyOXYyOS44NHMtMzcuOTA2IDQuNDQyOC03Mi4yODMgNC41MDM5Yy0zMy43NzIgMC4wNTk5LTc0LjA0NS01LjkwNDMtNzQuMDQ1LTUuOTA0M3YtMjguNDM5czkuODU1OS0zMS42OTkgNzMuNTk2LTMxLjYyOXptNzIuNzMyIDEwNS43OXMtMzcuOTA2IDQuNDQ0OC03Mi4yODMgNC41MDU5Yy0zMy43NzIgMC4wNTk5LTc0LjA0NS01LjkwNDMtNzQuMDQ1LTUuOTA0M3YtMjUuNzg0czQ2LjQ4NCA0LjY0OTIgNzMuNzE5IDQuOTQ5MWMyNy41NDkgMC4zMDM0MSA3Mi42NzMtNC45NDkxIDcyLjY3My00Ljk0OTF6bS0xNDYuNDggMTcuMTA3czQ2LjQ4NiA0LjY0OSA3My43MjEgNC45NDljMjcuNTQ5IDAuMzAzNDEgNzIuNjA3LTQuOTQ5IDcyLjYwNy00Ljk0OXYyNy4xODZzLTM3LjkwNiA0LjQ0MjktNzIuMjgzIDQuNTAzOWMtMzMuNzcyIDAuMDU5OS03NC4wNDUtNS45MDQzLTc0LjA0NS01LjkwNDN6bTAgNDQuNTAyczQ2LjQ4NiA0LjY0OSA3My43MjEgNC45NDljMjcuNTQ5IDAuMzAzMzggNzIuNjA3LTQuOTQ5IDcyLjYwNy00Ljk0OXYyNy4xODJzLTM3LjkwNiA0LjQ0NDgtNzIuMjgzIDQuNTA1OWMtMzMuNzcyIDAuMDU5OS03NC4wNDUtNS45MDQzLTc0LjA0NS01LjkwNDN6bTE0Ni4zMyA3MC45MDZzLTM3LjkwNiA0LjQ0NDktNzIuMjgzIDQuNTA1OWMtMzMuNzcyIDAuMDU5OS03NC4wNDUtNS45MDQzLTc0LjA0NS01LjkwNDN2LTI1Ljc4M3M0Ni40ODYgNC42NDkgNzMuNzIxIDQuOTQ5YzI3LjU0OSAwLjMwMzQxIDcyLjYwNy00Ljk0OSA3Mi42MDctNC45NDl2MjcuMTgxbS0xNDYuMTcgMTcuMzA3czQ2LjQ4NCA0LjY0OSA3My43MTkgNC45NDljMjcuNTQ5IDAuMzAzNDEgNzIuNjA5LTQuOTQ5IDcyLjYwOS00Ljk0OXYyMi44MTVoLTE0Ni4zM3oiIHN0cm9rZT0iI2UwNWFlZiIgc3Ryb2tlLWxpbmVjYXA9InJvdW5kIiBzdHJva2Utd2lkdGg9IjgiIGZpbGw9IiNmZmYiLz4KIDwvZz4KIDxnIGlkPSJsYXllcjUiIHRyYW5zZm9ybT0idHJhbnNsYXRlKC00NC43NTIgLTQyLjgyNikiIGRpc3BsYXk9Im5vbmUiPgogIDxwYXRoIGlkPSJwYXRoNDAxNDgiIGQ9Im0zNjYuODEgMTExLjIyYTI0OS43MyAyNDkuNzMgMCAwIDAgLTI0OS43MyAyNDkuNzMgMjQ5LjczIDI0OS43MyAwIDAgMCAxNTYuNTYgMjMxLjU2bDkzLjE3NiAyMDUuNzUgOTMuMjA1LTIwNS44MWEyNDkuNzMgMjQ5LjczIDAgMCAwIDE1Ni41MiAtMjMxLjUgMjQ5LjczIDI0OS43MyAwIDAgMCAtMjQ5LjczIC0yNDkuNzN6bTAgNTUuNWExOTQuMjMgMTk0LjIzIDAgMCAxIDE5NC4yMyAxOTQuMjMgMTk0LjIzIDE5NC4yMyAwIDAgMSAtMTk0LjIzIDE5NC4yMyAxOTQuMjMgMTk0LjIzIDAgMCAxIC0xOTQuMjMgLTE5NC4yMyAxOTQuMjMgMTk0LjIzIDAgMCAxIDE5NC4yMyAtMTk0LjIzeiIgdHJhbnNmb3JtPSJ0cmFuc2xhdGUoLTExNy4wOCAtMTExLjIyKSIgZmlsbD0iIzllYzc0OCIvPgogPC9nPgo8L3N2Zz4K"],"useMarkerImageFunction":true,"colorFunction":"var type = dsData[dsIndex][''type''];\nif (type == ''colorpin'') {\n\tvar temperature = dsData[dsIndex][''temperature''];\n\tif (typeof temperature !== undefined) {\n\t    var percent = (temperature + 60)/120 * 100;\n\t    return tinycolor.mix(''blue'', ''red'', amount = percent).toHexString();\n\t}\n\treturn ''blue'';\n}\n","markerImageFunction":"var weight = dsData[dsIndex][''weight''] || 0;\nvar index = Math.floor((weight / 200) * 4);\nif (index > 3) index = 3;\nindex = dsIndex*4 + index;\nreturn {\n  size: 60,\n  url: images[index]\n};","color":"#fe7569","mapProvider":"OpenStreetMap.Mapnik","showTooltip":true,"autocloseTooltip":false,"tooltipFunction":"var deviceType = dsData[dsIndex][''deviceType''];\r\nif (typeof deviceType !== undefined) {\r\n    if (deviceType == \"energy meter\") {\r\n        return ''<b>${entityName}</b><br/><b>Energy:</b> ${energy:2} kWt<br/>'';\r\n    } else if (deviceType == \"thermometer\") {\r\n        return ''<b>${entityName}</b><br/><b>Temperature:</b> ${temperature:2} °C<br/>'';\r\n    }\r\n}","defaultZoomLevel":15,"useLabelFunction":true,"labelFunction":"var colors = [\"#85b129\", \"#228efc\", \"#e05aef\"];\nvar colorIndex = dsIndex % colors.length;\nvar color = colors[colorIndex];\nreturn \"<div style=''position: relative; white-space: nowrap; text-align: center; font-size: 16px; top: -5px;''><span style=''margin-left: -500%;''></span><span style=''border: solid \"+color+\"; border-radius: 10px; color: \"+color+\"; background-color: #fff; padding-left: 5px; padding-right: 5px; padding-top: 3px; padding-bottom: 3px;''>${entityName}</span><span style=''margin-right: -500%;''></span></div>\";"},"title":"New OpenStreetMap","dropShadow":false,"enableFullscreen":true,"titleStyle":{"fontSize":"16px","fontWeight":400},"useDashboardTimewindow":true,"showLegend":false,"widgetStyle":{},"actions":{}},"id":"6c0e65d9-7414-f80f-a1f2-2ede7925a751"}},"timewindow":{"realtime":{"interval":30000,"timewindowMs":3600000},"aggregation":{"type":"AVG","limit":200}},"states":{"default":{"name":"Silos monitoring","root":true,"layouts":{"main":{"widgets":{"359e022a-9503-cd4c-1bfc-8827c54260a3":{"sizeX":17,"sizeY":11,"row":9,"col":0,"mobileHeight":4,"mobileOrder":2},"43a37784-fe64-b6b3-67ef-49de8be4d6f1":{"sizeX":17,"sizeY":11,"row":9,"col":17,"mobileHeight":4,"mobileOrder":3},"f5728fc8-d311-dfb5-6f62-d2a9c55de5ae":{"sizeX":8,"sizeY":9,"row":0,"col":15,"mobileHeight":4,"mobileOrder":4},"21ffcb5a-bead-a46f-d4dc-7af6c48b1986":{"sizeX":16,"sizeY":11,"row":9,"col":34,"mobileHeight":4,"mobileOrder":5},"dab20650-2263-86a4-7a01-ac1eaea2f3af":{"sizeX":9,"sizeY":2,"row":0,"col":23,"mobileHeight":1,"mobileOrder":6},"234fc7e8-805b-bf56-264c-f0598f569b63":{"sizeX":3,"sizeY":7,"row":2,"col":23,"mobileOrder":7},"f4a75996-3c1d-e227-752f-62ebd43efe7e":{"sizeX":3,"sizeY":7,"row":2,"col":26,"mobileOrder":8},"6da3c3fd-abf4-7daa-921f-9c5527d944c6":{"sizeX":3,"sizeY":7,"row":2,"col":29,"mobileOrder":9},"ad86df52-d5b6-8368-4781-719e8fb3f780":{"sizeX":9,"sizeY":2,"row":0,"col":32,"mobileHeight":1,"mobileOrder":10},"373613c3-dd30-f332-c03c-06125778b995":{"sizeX":3,"sizeY":7,"row":2,"col":32,"mobileOrder":11},"ebae7e96-a342-6015-e563-e056c10296b4":{"sizeX":3,"sizeY":7,"row":2,"col":35,"mobileOrder":12},"a55940e1-8ae4-9ba5-3dc3-ced96c35c225":{"sizeX":3,"sizeY":7,"row":2,"col":38,"mobileOrder":13},"943ec0ea-a49d-8618-6897-a37ad4a2f1f5":{"sizeX":9,"sizeY":2,"row":0,"col":41,"mobileHeight":1,"mobileOrder":14},"4dd83d4e-7fa9-dd6b-8c38-5ec54ef64b7c":{"sizeX":3,"sizeY":7,"row":2,"col":41,"mobileOrder":15},"7e99541a-fd0f-c8cf-6752-8facffa419ae":{"sizeX":3,"sizeY":7,"row":2,"col":44,"mobileOrder":16},"96b5fb77-6292-530e-5083-0fa1b1b22efe":{"sizeX":3,"sizeY":7,"row":2,"col":47,"mobileOrder":17},"6c0e65d9-7414-f80f-a1f2-2ede7925a751":{"sizeX":15,"sizeY":9,"row":0,"col":0}},"gridSettings":{"backgroundColor":"rgba(0,0,0,0)","columns":50,"backgroundSizeMode":"cover","backgroundImageUrl":"data:image/svg+xml;base64,PHN2ZyBpZD0ic3ZnMiIgeG1sbnM6cmRmPSJodHRwOi8vd3d3LnczLm9yZy8xOTk5LzAyLzIyLXJkZi1zeW50YXgtbnMjIiB4bWxucz0iaHR0cDovL3d3dy53My5vcmcvMjAwMC9zdmciIGhlaWdodD0iODAwIiB3aWR0aD0iMTYwMCIgdmVyc2lvbj0iMS4xIiB4bWxuczpjYz0iaHR0cDovL2NyZWF0aXZlY29tbW9ucy5vcmcvbnMjIiB4bWxuczp4bGluaz0iaHR0cDovL3d3dy53My5vcmcvMTk5OS94bGluayIgdmlld0JveD0iMCAwIDE1OTkuOTk5OCA3OTkuOTk5OTgiIHhtbG5zOmRjPSJodHRwOi8vcHVybC5vcmcvZGMvZWxlbWVudHMvMS4xLyI+CiA8ZGVmcyBpZD0iZGVmczQiPgogIDxsaW5lYXJHcmFkaWVudCBpZD0ibGluZWFyR3JhZGllbnQ0MTQ0IiB5Mj0iNjUyLjM2IiBncmFkaWVudFVuaXRzPSJ1c2VyU3BhY2VPblVzZSIgeDI9IjE2MDAiIGdyYWRpZW50VHJhbnNmb3JtPSJtYXRyaXgoMS4wMDYyIDAgMCAxLjAxMjUgLTQuOTk3MSAtMjYwLjUyKSIgeTE9IjY1Mi4zNiIgeDE9Ii0uMDAwMjQ0MTQiPgogICA8c3RvcCBpZD0ic3RvcDQxNDAiIHN0b3AtY29sb3I9IiM1NjcyOGEiIG9mZnNldD0iMCIvPgogICA8c3RvcCBpZD0ic3RvcDQxNDIiIHN0b3AtY29sb3I9IiMxZDJlNTkiIG9mZnNldD0iMSIvPgogIDwvbGluZWFyR3JhZGllbnQ+CiA8L2RlZnM+CiA8ZyBpZD0ibGF5ZXIyIiB0cmFuc2Zvcm09InRyYW5zbGF0ZSguMDAwMTgzMTEgLjAwMDAyMzU5NSkiPgogIDxyZWN0IGlkPSJyZWN0NDEzNiIgaGVpZ2h0PSI4MDguMTEiIHdpZHRoPSIxNjA4LjEiIHN0cm9rZT0iI2ZmZiIgc3Ryb2tlLWxpbmVjYXA9InJvdW5kIiB5PSItNC4wNTMzIiB4PSItNC4wNTM1IiBzdHJva2Utd2lkdGg9IjEuODkzNSIgZmlsbD0idXJsKCNsaW5lYXJHcmFkaWVudDQxNDQpIi8+CiA8L2c+Cjwvc3ZnPgo=","color":"rgba(0,0,0,0.870588)","autoFillHeight":true,"mobileAutoFillHeight":false,"mobileRowHeight":70,"margin":10}}}}},"entityAliases":{"2a81382a-9f12-62f0-85f9-b15bbda3311e":{"id":"2a81382a-9f12-62f0-85f9-b15bbda3311e","alias":"Silo Dispatcher","filter":{"type":"entityList","resolveMultiple":false,"entityType":"DEVICE","entityList":["b7087210-08e0-11e7-81d9-bb0136cc33d0","42364fd0-9d8c-11eb-b763-8977a151d487"]}},"d96af07a-edc4-4e3c-4008-0bb1513a0cd7":{"id":"d96af07a-edc4-4e3c-4008-0bb1513a0cd7","alias":"Silo A","filter":{"type":"entityList","resolveMultiple":false,"entityType":"DEVICE","entityList":["a766d400-08e0-11e7-81d9-bb0136cc33d0","d823adb0-9c6c-11eb-95ed-d78a9872a48b"]}},"705c4302-121c-d70a-3669-aafe9ebf8338":{"id":"705c4302-121c-d70a-3669-aafe9ebf8338","alias":"Silo B","filter":{"type":"entityList","resolveMultiple":false,"entityType":"DEVICE","entityList":["ab702740-08e0-11e7-81d9-bb0136cc33d0","de2f1280-9c6c-11eb-95ed-d78a9872a48b"]}},"77631e3b-8c45-7925-18be-7ab851a6f3e4":{"id":"77631e3b-8c45-7925-18be-7ab851a6f3e4","alias":"Silo C","filter":{"type":"entityList","resolveMultiple":false,"entityType":"DEVICE","entityList":["af240781-08e0-11e7-81d9-bb0136cc33d0","e42a98d0-9c6c-11eb-95ed-d78a9872a48b"]}},"2cec688f-28a4-7d70-5584-49d0ab4bf5c8":{"id":"2cec688f-28a4-7d70-5584-49d0ab4bf5c8","alias":"Silos","filter":{"type":"entityList","resolveMultiple":true,"entityType":"DEVICE","entityList":["a766d400-08e0-11e7-81d9-bb0136cc33d0","ab702740-08e0-11e7-81d9-bb0136cc33d0","af240781-08e0-11e7-81d9-bb0136cc33d0","d823adb0-9c6c-11eb-95ed-d78a9872a48b","de2f1280-9c6c-11eb-95ed-d78a9872a48b","e42a98d0-9c6c-11eb-95ed-d78a9872a48b"]}}},"settings":{"stateControllerId":"entity","showTitle":false,"showDashboardsSelect":false,"showEntitiesSelect":false,"showDashboardTimewindow":false,"showDashboardExport":true,"toolbarAlwaysOpen":false,"titleColor":"rgba(255, 254, 254, 0.87)","showFilters":false},"filters":{}}', null, 'silos monitoring no banner', tenantId, 'Silos monitoring no banner');

raise notice '======>add silo dashbaord success<======';

END
$$